ingredient,label,nameEn,nameZh,wikiuri,image,QuaraID,subclassofLabelEn
https://kg.knowledgegraph.tech/food2#Ingredient12,almond,almond,大杏仁,http://www.wikidata.org/entity/Q184357,http://commons.wikimedia.org/wiki/Special:FilePath/Mandel%20Gr%2099.jpg,Almonds,drupe
https://kg.knowledgegraph.tech/food2#Ingredient12,almond,almond,大杏仁,http://www.wikidata.org/entity/Q184357,http://commons.wikimedia.org/wiki/Special:FilePath/Mandel%20Gr%2099.jpg,Almonds,culinary nuts
https://kg.knowledgegraph.tech/food2#Ingredient5,butter,butter,黄油,http://www.wikidata.org/entity/Q34172,http://commons.wikimedia.org/wiki/Special:FilePath/Butter%20at%20the%20Borough%20Market.jpg,Butter,dairy product
https://kg.knowledgegraph.tech/food2#Ingredient5,butter,butter,黄油,http://www.wikidata.org/entity/Q34172,http://commons.wikimedia.org/wiki/Special:FilePath/Butter%20at%20the%20Borough%20Market.jpg,Butter,edible fats and oils
https://kg.knowledgegraph.tech/food2#Ingredient257,hot pepper,chili pepper,辣椒,http://www.wikidata.org/entity/Q165199,http://commons.wikimedia.org/wiki/Special:FilePath/Piment%C3%B3n%20Tap%20de%20Cort%C3%AD.jpg,Chili-Peppers,berry
https://kg.knowledgegraph.tech/food2#Ingredient257,hot pepper,chili pepper,辣椒,http://www.wikidata.org/entity/Q165199,http://commons.wikimedia.org/wiki/Special:FilePath/Piment%C3%B3n%20Tap%20de%20Cort%C3%AD.jpg,Chili-Peppers,spice
https://kg.knowledgegraph.tech/food2#Ingredient257,hot pepper,chili pepper,辣椒,http://www.wikidata.org/entity/Q165199,http://commons.wikimedia.org/wiki/Special:FilePath/Madame%20Jeanette%20and%20other%20chillies.jpg,Chili-Peppers,berry
https://kg.knowledgegraph.tech/food2#Ingredient257,hot pepper,chili pepper,辣椒,http://www.wikidata.org/entity/Q165199,http://commons.wikimedia.org/wiki/Special:FilePath/Madame%20Jeanette%20and%20other%20chillies.jpg,Chili-Peppers,spice
https://kg.knowledgegraph.tech/food2#Ingredient257,hot pepper,chili pepper,辣椒,http://www.wikidata.org/entity/Q165199,http://commons.wikimedia.org/wiki/Special:FilePath/Piment%C3%B3n%20Tap%20de%20Cort%C3%AD.jpg,Chili-Peppers,condiment
https://kg.knowledgegraph.tech/food2#Ingredient257,hot pepper,chili pepper,辣椒,http://www.wikidata.org/entity/Q165199,http://commons.wikimedia.org/wiki/Special:FilePath/Madame%20Jeanette%20and%20other%20chillies.jpg,Chili-Peppers,condiment
https://kg.knowledgegraph.tech/food2#Ingredient71,chili,chili pepper,辣椒,http://www.wikidata.org/entity/Q165199,http://commons.wikimedia.org/wiki/Special:FilePath/Piment%C3%B3n%20Tap%20de%20Cort%C3%AD.jpg,Chili-Peppers,condiment
https://kg.knowledgegraph.tech/food2#Ingredient71,chili,chili pepper,辣椒,http://www.wikidata.org/entity/Q165199,http://commons.wikimedia.org/wiki/Special:FilePath/Madame%20Jeanette%20and%20other%20chillies.jpg,Chili-Peppers,condiment
https://kg.knowledgegraph.tech/food2#Ingredient71,chili,chili pepper,辣椒,http://www.wikidata.org/entity/Q165199,http://commons.wikimedia.org/wiki/Special:FilePath/Piment%C3%B3n%20Tap%20de%20Cort%C3%AD.jpg,Chili-Peppers,berry
https://kg.knowledgegraph.tech/food2#Ingredient71,chili,chili pepper,辣椒,http://www.wikidata.org/entity/Q165199,http://commons.wikimedia.org/wiki/Special:FilePath/Piment%C3%B3n%20Tap%20de%20Cort%C3%AD.jpg,Chili-Peppers,spice
https://kg.knowledgegraph.tech/food2#Ingredient71,chili,chili pepper,辣椒,http://www.wikidata.org/entity/Q165199,http://commons.wikimedia.org/wiki/Special:FilePath/Madame%20Jeanette%20and%20other%20chillies.jpg,Chili-Peppers,berry
https://kg.knowledgegraph.tech/food2#Ingredient71,chili,chili pepper,辣椒,http://www.wikidata.org/entity/Q165199,http://commons.wikimedia.org/wiki/Special:FilePath/Madame%20Jeanette%20and%20other%20chillies.jpg,Chili-Peppers,spice
https://kg.knowledgegraph.tech/food2#Ingredient17,cinnamon,cinnamon,桂皮,http://www.wikidata.org/entity/Q28165,http://commons.wikimedia.org/wiki/Special:FilePath/Canelle%20Cinnamomum%20burmannii%20Luc%20Viatour.jpg,Cinnamon-spice-2,spice
https://kg.knowledgegraph.tech/food2#Ingredient17,cinnamon,cinnamon,桂皮,http://www.wikidata.org/entity/Q28165,http://commons.wikimedia.org/wiki/Special:FilePath/Canelle%20Cinnamomum%20burmannii%20Luc%20Viatour.jpg,Cinnamon-Sticks,spice
https://kg.knowledgegraph.tech/food2#Ingredient64,coconut,coconut,椰子,http://www.wikidata.org/entity/Q3342808,http://commons.wikimedia.org/wiki/Special:FilePath/Cocos%20nucifera8.jpg,Coconuts,culinary nuts
https://kg.knowledgegraph.tech/food2#Ingredient64,coconut,coconut,椰子,http://www.wikidata.org/entity/Q3342808,http://commons.wikimedia.org/wiki/Special:FilePath/Cocos%20nucifera8.jpg,Coconuts,fruit
https://kg.knowledgegraph.tech/food2#Ingredient118,cornstarch,corn starch,玉米澱粉,http://www.wikidata.org/entity/Q3393961,http://commons.wikimedia.org/wiki/Special:FilePath/Brown%20%26%20Polson%27s.JPG,Maize-Starch,starch
https://kg.knowledgegraph.tech/food2#Ingredient118,cornstarch,corn starch,玉米澱粉,http://www.wikidata.org/entity/Q3393961,http://commons.wikimedia.org/wiki/Special:FilePath/St%C3%A4rkemehl%20800%20fach%20Polfilter.jpg,Maize-Starch,starch
https://kg.knowledgegraph.tech/food2#Ingredient95,cream,cream,鮮奶油,http://www.wikidata.org/entity/Q13228,http://commons.wikimedia.org/wiki/Special:FilePath/Hot%20chocolate%20mug%20with%20whipped%20cream.jpg,Cream-1,dairy product
https://kg.knowledgegraph.tech/food2#Ingredient95,cream,cream,鮮奶油,http://www.wikidata.org/entity/Q13228,http://commons.wikimedia.org/wiki/Special:FilePath/Milk-bottle.jpg,Cream-1,dairy product
https://kg.knowledgegraph.tech/food2#Ingredient246,curry,curry powder,咖喱粉,http://www.wikidata.org/entity/Q1144935,http://commons.wikimedia.org/wiki/Special:FilePath/Nahrungsmittel%202012-07-08-9517.jpg,Curry-Powder,food
https://kg.knowledgegraph.tech/food2#Ingredient246,curry,curry powder,咖喱粉,http://www.wikidata.org/entity/Q1144935,http://commons.wikimedia.org/wiki/Special:FilePath/Nahrungsmittel%202012-07-08-9517.jpg,Curry-Powder,spice mix
https://kg.knowledgegraph.tech/food2#Ingredient246,curry,curry powder,咖喱粉,http://www.wikidata.org/entity/Q1144935,http://commons.wikimedia.org/wiki/Special:FilePath/Nahrungsmittel%202012-07-08-9517.jpg,Curry-Powder,spice
https://kg.knowledgegraph.tech/food2#Ingredient4,egg,egg,蛋,http://www.wikidata.org/entity/Q93189,http://commons.wikimedia.org/wiki/Special:FilePath/Eierdoos.JPG,Eggs-1,egg
https://kg.knowledgegraph.tech/food2#Ingredient4,egg,egg,蛋,http://www.wikidata.org/entity/Q93189,http://commons.wikimedia.org/wiki/Special:FilePath/Eierdoos.JPG,Eggs-food,egg
https://kg.knowledgegraph.tech/food2#Ingredient4,egg,egg,蛋,http://www.wikidata.org/entity/Q93189,http://commons.wikimedia.org/wiki/Special:FilePath/Eierdoos.JPG,Eggs-1,food
https://kg.knowledgegraph.tech/food2#Ingredient4,egg,egg,蛋,http://www.wikidata.org/entity/Q93189,http://commons.wikimedia.org/wiki/Special:FilePath/Eierdoos.JPG,Eggs-food,food
https://kg.knowledgegraph.tech/food2#Ingredient6,flour,flour,穀粉,http://www.wikidata.org/entity/Q36465,http://commons.wikimedia.org/wiki/Special:FilePath/Flours.jpg,Flour,shelf stable food
https://kg.knowledgegraph.tech/food2#Ingredient6,flour,flour,穀粉,http://www.wikidata.org/entity/Q36465,http://commons.wikimedia.org/wiki/Special:FilePath/Flours.jpg,Flour,staple food
https://kg.knowledgegraph.tech/food2#Ingredient6,flour,flour,穀粉,http://www.wikidata.org/entity/Q36465,http://commons.wikimedia.org/wiki/Special:FilePath/Flours.jpg,Flour,powder
https://kg.knowledgegraph.tech/food2#Ingredient39,garlic,garlic,大蒜,http://www.wikidata.org/entity/Q21546392,http://commons.wikimedia.org/wiki/Special:FilePath/Garlic.jpg,Garlic,herb
https://kg.knowledgegraph.tech/food2#Ingredient39,garlic,garlic,大蒜,http://www.wikidata.org/entity/Q21546392,http://commons.wikimedia.org/wiki/Special:FilePath/Garlic.jpg,Garlic,vegetable
https://kg.knowledgegraph.tech/food2#Ingredient78,gelatin,gelatin,明膠,http://www.wikidata.org/entity/Q179254,http://commons.wikimedia.org/wiki/Special:FilePath/Gelatine.png,Gelatin,animal glue
https://kg.knowledgegraph.tech/food2#Ingredient78,gelatin,gelatin,明膠,http://www.wikidata.org/entity/Q179254,http://commons.wikimedia.org/wiki/Special:FilePath/Gelatine.png,Gelatin,food thickener
https://kg.knowledgegraph.tech/food2#Ingredient53,honey,honey,蜂蜜,http://www.wikidata.org/entity/Q10987,http://commons.wikimedia.org/wiki/Special:FilePath/Runny%20hunny.jpg,Honey,syrup
https://kg.knowledgegraph.tech/food2#Ingredient53,honey,honey,蜂蜜,http://www.wikidata.org/entity/Q10987,http://commons.wikimedia.org/wiki/Special:FilePath/Runny%20hunny.jpg,Honey,shelf stable food
https://kg.knowledgegraph.tech/food2#Ingredient53,honey,honey,蜂蜜,http://www.wikidata.org/entity/Q10987,http://commons.wikimedia.org/wiki/Special:FilePath/Runny%20hunny.jpg,Honey,secretion or excretion
https://kg.knowledgegraph.tech/food2#Ingredient53,honey,honey,蜂蜜,http://www.wikidata.org/entity/Q10987,http://commons.wikimedia.org/wiki/Special:FilePath/Runny%20hunny.jpg,Honey,fodder
https://kg.knowledgegraph.tech/food2#Ingredient53,honey,honey,蜂蜜,http://www.wikidata.org/entity/Q10987,http://commons.wikimedia.org/wiki/Special:FilePath/Runny%20hunny.jpg,Honey,confection
https://kg.knowledgegraph.tech/food2#Ingredient45,molasses,molasses,糖蜜,http://www.wikidata.org/entity/Q154389,http://commons.wikimedia.org/wiki/Special:FilePath/Blackstrapmolasses.JPG,Molasses,treacle
https://kg.knowledgegraph.tech/food2#Ingredient45,molasses,molasses,糖蜜,http://www.wikidata.org/entity/Q154389,http://commons.wikimedia.org/wiki/Special:FilePath/Blackstrapmolasses.JPG,Molasses,food ingredient
https://kg.knowledgegraph.tech/food2#Ingredient20,nutmeg,nutmeg,肉豆蔻,http://www.wikidata.org/entity/Q83165,http://commons.wikimedia.org/wiki/Special:FilePath/Myristica%20fragrans%20-%20K%C3%B6hler%E2%80%93s%20Medizinal-Pflanzen-097.jpg,Nutmeg,Myristica
https://kg.knowledgegraph.tech/food2#Ingredient16,raisin,raisin,葡萄乾,http://www.wikidata.org/entity/Q13186,http://commons.wikimedia.org/wiki/Special:FilePath/Raisins.jpg,Raisins,dried fruit
https://kg.knowledgegraph.tech/food2#Ingredient90,tomato,tomato,番茄,http://www.wikidata.org/entity/Q20638126,http://commons.wikimedia.org/wiki/Special:FilePath/Bright%20red%20tomato%20and%20cross%20section02.jpg,Tomatoes,fruit
https://kg.knowledgegraph.tech/food2#Ingredient90,tomato,tomato,番茄,http://www.wikidata.org/entity/Q20638126,http://commons.wikimedia.org/wiki/Special:FilePath/Bright%20red%20tomato%20and%20cross%20section02.jpg,Tomatoes,vegetable
https://kg.knowledgegraph.tech/food2#Ingredient90,tomato,tomato,番茄,http://www.wikidata.org/entity/Q20638126,http://commons.wikimedia.org/wiki/Special:FilePath/Bright%20red%20tomato%20and%20cross%20section02.jpg,Tomatoes,berry
https://kg.knowledgegraph.tech/food2#Ingredient90,tomato,tomato,番茄,http://www.wikidata.org/entity/Q20638126,http://commons.wikimedia.org/wiki/Special:FilePath/Bright%20red%20tomato%20and%20cross%20section02.jpg,Tomatoes,fruit vegetable
https://kg.knowledgegraph.tech/food2#Ingredient191,tomato sauce,tomato sauce,番茄沙司,http://www.wikidata.org/entity/Q3596097,http://commons.wikimedia.org/wiki/Special:FilePath/Spaghetti-prepared.jpg,Tomato-Sauce-1,food
https://kg.knowledgegraph.tech/food2#Ingredient191,tomato sauce,tomato sauce,番茄沙司,http://www.wikidata.org/entity/Q3596097,http://commons.wikimedia.org/wiki/Special:FilePath/Spaghetti-prepared.jpg,Tomato-Sauce-1,sauce
https://kg.knowledgegraph.tech/food2#Ingredient146,wheat,wheat,小麦,http://www.wikidata.org/entity/Q15645384,http://commons.wikimedia.org/wiki/Special:FilePath/Wheat%20close-up.JPG,Wheat,food
https://kg.knowledgegraph.tech/food2#Ingredient146,wheat,wheat,小麦,http://www.wikidata.org/entity/Q15645384,http://commons.wikimedia.org/wiki/Special:FilePath/Wheat%20field.jpg,Wheat,food
https://kg.knowledgegraph.tech/food2#Ingredient146,wheat,wheat,小麦,http://www.wikidata.org/entity/Q15645384,http://commons.wikimedia.org/wiki/Special:FilePath/Wheat%20close-up.JPG,Wheat,cereal
https://kg.knowledgegraph.tech/food2#Ingredient146,wheat,wheat,小麦,http://www.wikidata.org/entity/Q15645384,http://commons.wikimedia.org/wiki/Special:FilePath/Wheat%20field.jpg,Wheat,cereal
https://kg.knowledgegraph.tech/food2#Ingredient290,squash,zucchini,西葫芦,http://www.wikidata.org/entity/Q7533,http://commons.wikimedia.org/wiki/Special:FilePath/Courgette%20Cucurbita%20pepo%202.jpg,Courgette,fruit vegetable
https://kg.knowledgegraph.tech/food2#Ingredient290,squash,zucchini,西葫芦,http://www.wikidata.org/entity/Q7533,http://commons.wikimedia.org/wiki/Special:FilePath/Courgette%20Cucurbita%20pepo%202.jpg,Zucchini-Courgette,fruit vegetable
https://kg.knowledgegraph.tech/food2#Ingredient290,squash,zucchini,西葫芦,http://www.wikidata.org/entity/Q7533,http://commons.wikimedia.org/wiki/Special:FilePath/Cucurbita%20pepo%20var%20cylindrica%2C%20Yellow%20Zucchini%20Squash%20%28crop%29.jpg,Courgette,fruit vegetable
https://kg.knowledgegraph.tech/food2#Ingredient290,squash,zucchini,西葫芦,http://www.wikidata.org/entity/Q7533,http://commons.wikimedia.org/wiki/Special:FilePath/Cucurbita%20pepo%20var%20cylindrica%2C%20Yellow%20Zucchini%20Squash%20%28crop%29.jpg,Zucchini-Courgette,fruit vegetable
https://kg.knowledgegraph.tech/food2#Ingredient290,squash,zucchini,西葫芦,http://www.wikidata.org/entity/Q7533,http://commons.wikimedia.org/wiki/Special:FilePath/Cucurbita%20pepo%20zucchine%20and%20tondo.jpg,Courgette,fruit vegetable
https://kg.knowledgegraph.tech/food2#Ingredient290,squash,zucchini,西葫芦,http://www.wikidata.org/entity/Q7533,http://commons.wikimedia.org/wiki/Special:FilePath/Cucurbita%20pepo%20zucchine%20and%20tondo.jpg,Zucchini-Courgette,fruit vegetable
https://kg.knowledgegraph.tech/food2#Ingredient290,squash,zucchini,西葫芦,http://www.wikidata.org/entity/Q7533,http://commons.wikimedia.org/wiki/Special:FilePath/Courgette%20Cucurbita%20pepo%202.jpg,Courgette,vegetable
https://kg.knowledgegraph.tech/food2#Ingredient290,squash,zucchini,西葫芦,http://www.wikidata.org/entity/Q7533,http://commons.wikimedia.org/wiki/Special:FilePath/Courgette%20Cucurbita%20pepo%202.jpg,Zucchini-Courgette,vegetable
https://kg.knowledgegraph.tech/food2#Ingredient290,squash,zucchini,西葫芦,http://www.wikidata.org/entity/Q7533,http://commons.wikimedia.org/wiki/Special:FilePath/Cucurbita%20pepo%20var%20cylindrica%2C%20Yellow%20Zucchini%20Squash%20%28crop%29.jpg,Courgette,vegetable
https://kg.knowledgegraph.tech/food2#Ingredient290,squash,zucchini,西葫芦,http://www.wikidata.org/entity/Q7533,http://commons.wikimedia.org/wiki/Special:FilePath/Cucurbita%20pepo%20var%20cylindrica%2C%20Yellow%20Zucchini%20Squash%20%28crop%29.jpg,Zucchini-Courgette,vegetable
https://kg.knowledgegraph.tech/food2#Ingredient290,squash,zucchini,西葫芦,http://www.wikidata.org/entity/Q7533,http://commons.wikimedia.org/wiki/Special:FilePath/Cucurbita%20pepo%20zucchine%20and%20tondo.jpg,Courgette,vegetable
https://kg.knowledgegraph.tech/food2#Ingredient290,squash,zucchini,西葫芦,http://www.wikidata.org/entity/Q7533,http://commons.wikimedia.org/wiki/Special:FilePath/Cucurbita%20pepo%20zucchine%20and%20tondo.jpg,Zucchini-Courgette,vegetable
https://kg.knowledgegraph.tech/food2#Ingredient59,zucchini,zucchini,西葫芦,http://www.wikidata.org/entity/Q7533,http://commons.wikimedia.org/wiki/Special:FilePath/Courgette%20Cucurbita%20pepo%202.jpg,Courgette,vegetable
https://kg.knowledgegraph.tech/food2#Ingredient59,zucchini,zucchini,西葫芦,http://www.wikidata.org/entity/Q7533,http://commons.wikimedia.org/wiki/Special:FilePath/Courgette%20Cucurbita%20pepo%202.jpg,Zucchini-Courgette,vegetable
https://kg.knowledgegraph.tech/food2#Ingredient59,zucchini,zucchini,西葫芦,http://www.wikidata.org/entity/Q7533,http://commons.wikimedia.org/wiki/Special:FilePath/Cucurbita%20pepo%20var%20cylindrica%2C%20Yellow%20Zucchini%20Squash%20%28crop%29.jpg,Courgette,vegetable
https://kg.knowledgegraph.tech/food2#Ingredient59,zucchini,zucchini,西葫芦,http://www.wikidata.org/entity/Q7533,http://commons.wikimedia.org/wiki/Special:FilePath/Cucurbita%20pepo%20var%20cylindrica%2C%20Yellow%20Zucchini%20Squash%20%28crop%29.jpg,Zucchini-Courgette,vegetable
https://kg.knowledgegraph.tech/food2#Ingredient59,zucchini,zucchini,西葫芦,http://www.wikidata.org/entity/Q7533,http://commons.wikimedia.org/wiki/Special:FilePath/Cucurbita%20pepo%20zucchine%20and%20tondo.jpg,Courgette,vegetable
https://kg.knowledgegraph.tech/food2#Ingredient59,zucchini,zucchini,西葫芦,http://www.wikidata.org/entity/Q7533,http://commons.wikimedia.org/wiki/Special:FilePath/Cucurbita%20pepo%20zucchine%20and%20tondo.jpg,Zucchini-Courgette,vegetable
https://kg.knowledgegraph.tech/food2#Ingredient59,zucchini,zucchini,西葫芦,http://www.wikidata.org/entity/Q7533,http://commons.wikimedia.org/wiki/Special:FilePath/Courgette%20Cucurbita%20pepo%202.jpg,Courgette,fruit vegetable
https://kg.knowledgegraph.tech/food2#Ingredient59,zucchini,zucchini,西葫芦,http://www.wikidata.org/entity/Q7533,http://commons.wikimedia.org/wiki/Special:FilePath/Courgette%20Cucurbita%20pepo%202.jpg,Zucchini-Courgette,fruit vegetable
https://kg.knowledgegraph.tech/food2#Ingredient59,zucchini,zucchini,西葫芦,http://www.wikidata.org/entity/Q7533,http://commons.wikimedia.org/wiki/Special:FilePath/Cucurbita%20pepo%20var%20cylindrica%2C%20Yellow%20Zucchini%20Squash%20%28crop%29.jpg,Courgette,fruit vegetable
https://kg.knowledgegraph.tech/food2#Ingredient59,zucchini,zucchini,西葫芦,http://www.wikidata.org/entity/Q7533,http://commons.wikimedia.org/wiki/Special:FilePath/Cucurbita%20pepo%20var%20cylindrica%2C%20Yellow%20Zucchini%20Squash%20%28crop%29.jpg,Zucchini-Courgette,fruit vegetable
https://kg.knowledgegraph.tech/food2#Ingredient59,zucchini,zucchini,西葫芦,http://www.wikidata.org/entity/Q7533,http://commons.wikimedia.org/wiki/Special:FilePath/Cucurbita%20pepo%20zucchine%20and%20tondo.jpg,Courgette,fruit vegetable
https://kg.knowledgegraph.tech/food2#Ingredient59,zucchini,zucchini,西葫芦,http://www.wikidata.org/entity/Q7533,http://commons.wikimedia.org/wiki/Special:FilePath/Cucurbita%20pepo%20zucchine%20and%20tondo.jpg,Zucchini-Courgette,fruit vegetable
https://kg.knowledgegraph.tech/food2#Ingredient0,yeast,,,,,,
https://kg.knowledgegraph.tech/food2#Ingredient1,water,,,,,,
https://kg.knowledgegraph.tech/food2#Ingredient2,white sugar,,,,,,
https://kg.knowledgegraph.tech/food2#Ingredient3,salt,,,,,,
https://kg.knowledgegraph.tech/food2#Ingredient7,baking powder,,,,,,
https://kg.knowledgegraph.tech/food2#Ingredient10,milk,,,,,,
https://kg.knowledgegraph.tech/food2#Ingredient11,vanilla,,,,,,
https://kg.knowledgegraph.tech/food2#Ingredient13,orange juice,,,,,,
https://kg.knowledgegraph.tech/food2#Ingredient14,sugar,,,,,,
https://kg.knowledgegraph.tech/food2#Ingredient15,applesauce,,,,,,
https://kg.knowledgegraph.tech/food2#Ingredient18,baking soda,,,,,,
https://kg.knowledgegraph.tech/food2#Ingredient19,sour cream,,,,,,
https://kg.knowledgegraph.tech/food2#Ingredient21,brown sugar,,,,,,
https://kg.knowledgegraph.tech/food2#Ingredient22,oat,,,,,,
https://kg.knowledgegraph.tech/food2#Ingredient23,apple,,,,,,
https://kg.knowledgegraph.tech/food2#Ingredient8,poppy,,,,,,
https://kg.knowledgegraph.tech/food2#Ingredient9,vegetable oil,,,,,,
https://kg.knowledgegraph.tech/food2#Ingredient109,cereal,,,,,,
https://kg.knowledgegraph.tech/food2#Ingredient110,anise,,,,,,
https://kg.knowledgegraph.tech/food2#Ingredient111,italian seasoning,,,,,,
https://kg.knowledgegraph.tech/food2#Ingredient112,orange,,,,,,
https://kg.knowledgegraph.tech/food2#Ingredient113,lecithin,,,,,,
https://kg.knowledgegraph.tech/food2#Ingredient114,1 tablespoon arrowroot powder,,,,,,
https://kg.knowledgegraph.tech/food2#Ingredient115,blueberry,,,,,,
https://kg.knowledgegraph.tech/food2#Ingredient116,gluten,,,,,,
https://kg.knowledgegraph.tech/food2#Ingredient117,pear,,,,,,
https://kg.knowledgegraph.tech/food2#Ingredient119,black pepper,,,,,,
https://kg.knowledgegraph.tech/food2#Ingredient120,apricot,,,,,,
https://kg.knowledgegraph.tech/food2#Ingredient121,sausage,,,,,,
https://kg.knowledgegraph.tech/food2#Ingredient122,mozzarella,,,,,,
https://kg.knowledgegraph.tech/food2#Ingredient123,sodium,,,,,,
https://kg.knowledgegraph.tech/food2#Ingredient124,baking mix,,,,,,
https://kg.knowledgegraph.tech/food2#Ingredient125,seed,,,,,,
https://kg.knowledgegraph.tech/food2#Ingredient126,3 tablespoons whey powder,,,,,,
https://kg.knowledgegraph.tech/food2#Ingredient127,strawberry,,,,,,
https://kg.knowledgegraph.tech/food2#Ingredient128,1 tablespoon sucanat,,,,,,
https://kg.knowledgegraph.tech/food2#Ingredient129,chill,,,,,,
https://kg.knowledgegraph.tech/food2#Ingredient130,1 tablespoon xanthan gum,,,,,,
https://kg.knowledgegraph.tech/food2#Ingredient131,semolina,,,,,,
https://kg.knowledgegraph.tech/food2#Ingredient132,spinach,,,,,,
https://kg.knowledgegraph.tech/food2#Ingredient133,corn oil,,,,,,
https://kg.knowledgegraph.tech/food2#Ingredient134,broccoli,,,,,,
https://kg.knowledgegraph.tech/food2#Ingredient135,ricotta,,,,,,
https://kg.knowledgegraph.tech/food2#Ingredient136,prosciutto,,,,,,
https://kg.knowledgegraph.tech/food2#Ingredient137,date,,,,,,
https://kg.knowledgegraph.tech/food2#Ingredient138,granola,,,,,,
https://kg.knowledgegraph.tech/food2#Ingredient139,mayonnaise,,,,,,
https://kg.knowledgegraph.tech/food2#Ingredient140,1/3 cup masa harina,,,,,,
https://kg.knowledgegraph.tech/food2#Ingredient141,whipping cream,,,,,,
https://kg.knowledgegraph.tech/food2#Ingredient142,mushroom,,,,,,
https://kg.knowledgegraph.tech/food2#Ingredient143,spring,,,,,,
https://kg.knowledgegraph.tech/food2#Ingredient144,meat,,,,,,
https://kg.knowledgegraph.tech/food2#Ingredient145,canola oil,,,,,,
https://kg.knowledgegraph.tech/food2#Ingredient147,barley,,,,,,
https://kg.knowledgegraph.tech/food2#Ingredient148,peanut butter,,,,,,
https://kg.knowledgegraph.tech/food2#Ingredient149,cranberry sauce,,,,,,
https://kg.knowledgegraph.tech/food2#Ingredient150,topping thawed,,,,,,
https://kg.knowledgegraph.tech/food2#Ingredient151,ham,,,,,,
https://kg.knowledgegraph.tech/food2#Ingredient152,cookies,,,,,,
https://kg.knowledgegraph.tech/food2#Ingredient153,plum,,,,,,
https://kg.knowledgegraph.tech/food2#Ingredient154,nut,,,,,,
https://kg.knowledgegraph.tech/food2#Ingredient155,liqueur,,,,,,
https://kg.knowledgegraph.tech/food2#Ingredient156,white wine,,,,,,
https://kg.knowledgegraph.tech/food2#Ingredient157,chestnut,,,,,,
https://kg.knowledgegraph.tech/food2#Ingredient158,gum drop,,,,,,
https://kg.knowledgegraph.tech/food2#Ingredient159,brandy,,,,,,
https://kg.knowledgegraph.tech/food2#Ingredient160,cola,,,,,,
https://kg.knowledgegraph.tech/food2#Ingredient161,gummi,,,,,,
https://kg.knowledgegraph.tech/food2#Ingredient162,cocktail,,,,,,
https://kg.knowledgegraph.tech/food2#Ingredient163,dessert,,,,,,
https://kg.knowledgegraph.tech/food2#Ingredient164,1 cup hot fudge topping,,,,,,
https://kg.knowledgegraph.tech/food2#Ingredient165,hazelnut,,,,,,
https://kg.knowledgegraph.tech/food2#Ingredient166,Glaze,,,,,,
https://kg.knowledgegraph.tech/food2#Ingredient167,ice cream,,,,,,
https://kg.knowledgegraph.tech/food2#Ingredient168,vodka,,,,,,
https://kg.knowledgegraph.tech/food2#Ingredient169,prune,,,,,,
https://kg.knowledgegraph.tech/food2#Ingredient170,peach,,,,,,
https://kg.knowledgegraph.tech/food2#Ingredient171,caramel,,,,,,
https://kg.knowledgegraph.tech/food2#Ingredient172,sandwich,,,,,,
https://kg.knowledgegraph.tech/food2#Ingredient173,1 (12 ounce) package tootsie rolls,,,,,,
https://kg.knowledgegraph.tech/food2#Ingredient174,3 tablespoons liquid sweetener,,,,,,
https://kg.knowledgegraph.tech/food2#Ingredient175,2 cups hot fudge topping,,,,,,
https://kg.knowledgegraph.tech/food2#Ingredient176,lime,,,,,,
https://kg.knowledgegraph.tech/food2#Ingredient177,lime juice,,,,,,
https://kg.knowledgegraph.tech/food2#Ingredient178,candy,,,,,,
https://kg.knowledgegraph.tech/food2#Ingredient179,sauerkraut,,,,,,
https://kg.knowledgegraph.tech/food2#Ingredient180,raspberry,,,,,,
https://kg.knowledgegraph.tech/food2#Ingredient181,1 recipe Lady Baltimore Frosting,,,,,,
https://kg.knowledgegraph.tech/food2#Ingredient182,Frosting:,,,,,,
https://kg.knowledgegraph.tech/food2#Ingredient183,marshmallow,,,,,,
https://kg.knowledgegraph.tech/food2#Ingredient184,drinks,,,,,,
https://kg.knowledgegraph.tech/food2#Ingredient185,peanut,,,,,,
https://kg.knowledgegraph.tech/food2#Ingredient186,amaretto,,,,,,
https://kg.knowledgegraph.tech/food2#Ingredient187,gumdrop,,,,,,
https://kg.knowledgegraph.tech/food2#Ingredient188,mint,,,,,,
https://kg.knowledgegraph.tech/food2#Ingredient189,blackberry,,,,,,
https://kg.knowledgegraph.tech/food2#Ingredient190,Icing,,,,,,
https://kg.knowledgegraph.tech/food2#Ingredient192,2 tablespoons pandan paste,,,,,,
https://kg.knowledgegraph.tech/food2#Ingredient193,1 tablespoon ovalette,,,,,,
https://kg.knowledgegraph.tech/food2#Ingredient194,grand marnier,,,,,,
https://kg.knowledgegraph.tech/food2#Ingredient195,For the Icing:,,,,,,
https://kg.knowledgegraph.tech/food2#Ingredient196,fig,,,,,,
https://kg.knowledgegraph.tech/food2#Ingredient197,bean,,,,,,
https://kg.knowledgegraph.tech/food2#Ingredient198,brownie,,,,,,
https://kg.knowledgegraph.tech/food2#Ingredient24,walnut,,,,,,
https://kg.knowledgegraph.tech/food2#Ingredient25,buttermilk,,,,,,
https://kg.knowledgegraph.tech/food2#Ingredient26,shortening,,,,,,
https://kg.knowledgegraph.tech/food2#Ingredient27,lemon,,,,,,
https://kg.knowledgegraph.tech/food2#Ingredient28,fruit,,,,,,
https://kg.knowledgegraph.tech/food2#Ingredient29,bread,,,,,,
https://kg.knowledgegraph.tech/food2#Ingredient30,whole wheat,,,,,,
https://kg.knowledgegraph.tech/food2#Ingredient31,cottage cheese,,,,,,
https://kg.knowledgegraph.tech/food2#Ingredient32,margarine,,,,,,
https://kg.knowledgegraph.tech/food2#Ingredient33,banana,,,,,,
https://kg.knowledgegraph.tech/food2#Ingredient199,cookie,,,,,,
https://kg.knowledgegraph.tech/food2#Ingredient200,whipped topping mix,,,,,,
https://kg.knowledgegraph.tech/food2#Ingredient201,rice,,,,,,
https://kg.knowledgegraph.tech/food2#Ingredient202,8 Twinkies,,,,,,
https://kg.knowledgegraph.tech/food2#Ingredient203,rhubarb,,,,,,
https://kg.knowledgegraph.tech/food2#Ingredient204,boil,,,,,,
https://kg.knowledgegraph.tech/food2#Ingredient205,bake,,,,,,
https://kg.knowledgegraph.tech/food2#Ingredient206,blue cheese,,,,,,
https://kg.knowledgegraph.tech/food2#Ingredient207,green onion,,,,,,
https://kg.knowledgegraph.tech/food2#Ingredient208,1 1/2 cups crushed zwieback toast,,,,,,
https://kg.knowledgegraph.tech/food2#Ingredient209,guava,,,,,,
https://kg.knowledgegraph.tech/food2#Ingredient210,low fat,,,,,,
https://kg.knowledgegraph.tech/food2#Ingredient211,whiskey,,,,,,
https://kg.knowledgegraph.tech/food2#Ingredient212,cranberry,,,,,,
https://kg.knowledgegraph.tech/food2#Ingredient213,artificial sweetener,,,,,,
https://kg.knowledgegraph.tech/food2#Ingredient214,beet,,,,,,
https://kg.knowledgegraph.tech/food2#Ingredient215,grape,,,,,,
https://kg.knowledgegraph.tech/food2#Ingredient216,cocoa,,,,,,
https://kg.knowledgegraph.tech/food2#Ingredient217,FILLING:,,,,,,
https://kg.knowledgegraph.tech/food2#Ingredient218,FROSTING:,,,,,,
https://kg.knowledgegraph.tech/food2#Ingredient219,persimmon,,,,,,
https://kg.knowledgegraph.tech/food2#Ingredient220,tofu,,,,,,
https://kg.knowledgegraph.tech/food2#Ingredient221,6 tablespoons arrowroot powder,,,,,,
https://kg.knowledgegraph.tech/food2#Ingredient222,champagne,,,,,,
https://kg.knowledgegraph.tech/food2#Ingredient223,port,,,,,,
https://kg.knowledgegraph.tech/food2#Ingredient224,grains,,,,,,
https://kg.knowledgegraph.tech/food2#Ingredient225,Topping:,,,,,,
https://kg.knowledgegraph.tech/food2#Ingredient226,pine nut,,,,,,
https://kg.knowledgegraph.tech/food2#Ingredient227,bourbon,,,,,,
https://kg.knowledgegraph.tech/food2#Ingredient228,10 fluid ounces Mountain Dew,,,,,,
https://kg.knowledgegraph.tech/food2#Ingredient229,fat free,,,,,,
https://kg.knowledgegraph.tech/food2#Ingredient230,2 tablespoons piping gel,,,,,,
https://kg.knowledgegraph.tech/food2#Ingredient231,12 cannoli shells,,,,,,
https://kg.knowledgegraph.tech/food2#Ingredient232,side,,,,,,
https://kg.knowledgegraph.tech/food2#Ingredient233,2 (12 ounce) packages ladyfingers,,,,,,
https://kg.knowledgegraph.tech/food2#Ingredient234,chicken,,,,,,
https://kg.knowledgegraph.tech/food2#Ingredient235,chicken broth,,,,,,
https://kg.knowledgegraph.tech/food2#Ingredient236,soy sauce,,,,,,
https://kg.knowledgegraph.tech/food2#Ingredient237,swiss cheese,,,,,,
https://kg.knowledgegraph.tech/food2#Ingredient238,barbecue sauce,,,,,,
https://kg.knowledgegraph.tech/food2#Ingredient239,poultry,,,,,,
https://kg.knowledgegraph.tech/food2#Ingredient240,1 cup French dressing,,,,,,
https://kg.knowledgegraph.tech/food2#Ingredient241,sauce,,,,,,
https://kg.knowledgegraph.tech/food2#Ingredient242,worcestershire sauce,,,,,,
https://kg.knowledgegraph.tech/food2#Ingredient243,salsa,,,,,,
https://kg.knowledgegraph.tech/food2#Ingredient244,tortillas,,,,,,
https://kg.knowledgegraph.tech/food2#Ingredient245,salad dressing,,,,,,
https://kg.knowledgegraph.tech/food2#Ingredient247,paprika,,,,,,
https://kg.knowledgegraph.tech/food2#Ingredient248,monterey jack,,,,,,
https://kg.knowledgegraph.tech/food2#Ingredient249,green bean,,,,,,
https://kg.knowledgegraph.tech/food2#Ingredient250,chile pepper,,,,,,
https://kg.knowledgegraph.tech/food2#Ingredient251,mustard,,,,,,
https://kg.knowledgegraph.tech/food2#Ingredient252,bay leaf,,,,,,
https://kg.knowledgegraph.tech/food2#Ingredient253,spaghetti,,,,,,
https://kg.knowledgegraph.tech/food2#Ingredient254,yellow squash,,,,,,
https://kg.knowledgegraph.tech/food2#Ingredient255,sage,,,,,,
https://kg.knowledgegraph.tech/food2#Ingredient256,marjoram,,,,,,
https://kg.knowledgegraph.tech/food2#Ingredient258,bacon,,,,,,
https://kg.knowledgegraph.tech/food2#Ingredient259,ketchup,,,,,,
https://kg.knowledgegraph.tech/food2#Ingredient260,red pepper,,,,,,
https://kg.knowledgegraph.tech/food2#Ingredient261,eggplant,,,,,,
https://kg.knowledgegraph.tech/food2#Ingredient262,salad,,,,,,
https://kg.knowledgegraph.tech/food2#Ingredient263,radish,,,,,,
https://kg.knowledgegraph.tech/food2#Ingredient264,2 cups half-and-half,,,,,,
https://kg.knowledgegraph.tech/food2#Ingredient265,pasta,,,,,,
https://kg.knowledgegraph.tech/food2#Ingredient266,noodle,,,,,,
https://kg.knowledgegraph.tech/food2#Ingredient267,cilantro,,,,,,
https://kg.knowledgegraph.tech/food2#Ingredient268,cucumber,,,,,,
https://kg.knowledgegraph.tech/food2#Ingredient269,wild rice,,,,,,
https://kg.knowledgegraph.tech/food2#Ingredient270,marsala,,,,,,
https://kg.knowledgegraph.tech/food2#Ingredient271,5 tablespoons peeled and chopped fresh turmeric,,,,,,
https://kg.knowledgegraph.tech/food2#Ingredient272,1/2 cup chutney,,,,,,
https://kg.knowledgegraph.tech/food2#Ingredient273,horseradish,,,,,,
https://kg.knowledgegraph.tech/food2#Ingredient274,2 (1 ounce) packages ranch dressing mix,,,,,,
https://kg.knowledgegraph.tech/food2#Ingredient275,tarragon,,,,,,
https://kg.knowledgegraph.tech/food2#Ingredient276,avocado,,,,,,
https://kg.knowledgegraph.tech/food2#Ingredient277,lettuce,,,,,,
https://kg.knowledgegraph.tech/food2#Ingredient278,shallot,,,,,,
https://kg.knowledgegraph.tech/food2#Ingredient279,pie,,,,,,
https://kg.knowledgegraph.tech/food2#Ingredient280,vegetable,,,,,,
https://kg.knowledgegraph.tech/food2#Ingredient281,couscous,,,,,,
https://kg.knowledgegraph.tech/food2#Ingredient282,coriander,,,,,,
https://kg.knowledgegraph.tech/food2#Ingredient283,skewer,,,,,,
https://kg.knowledgegraph.tech/food2#Ingredient284,sesame oil,,,,,,
https://kg.knowledgegraph.tech/food2#Ingredient285,red wine,,,,,,
https://kg.knowledgegraph.tech/food2#Ingredient286,leek,,,,,,
https://kg.knowledgegraph.tech/food2#Ingredient287,1/3 cup saturei (dried rose petals),,,,,,
https://kg.knowledgegraph.tech/food2#Ingredient288,herb,,,,,,
https://kg.knowledgegraph.tech/food2#Ingredient289,1 tablespoon ground turmeric,,,,,,
https://kg.knowledgegraph.tech/food2#Ingredient291,muffin,,,,,,
https://kg.knowledgegraph.tech/food2#Ingredient292,asparagus,,,,,,
https://kg.knowledgegraph.tech/food2#Ingredient293,cashew,,,,,,
https://kg.knowledgegraph.tech/food2#Ingredient294,rice vinegar,,,,,,
https://kg.knowledgegraph.tech/food2#Ingredient295,peanut oil,,,,,,
https://kg.knowledgegraph.tech/food2#Ingredient296,cajun seasoning,,,,,,
https://kg.knowledgegraph.tech/food2#Ingredient297,tequila,,,,,,
https://kg.knowledgegraph.tech/food2#Ingredient34,coffee,,,,,,
https://kg.knowledgegraph.tech/food2#Ingredient35,chocolate,,,,,,
https://kg.knowledgegraph.tech/food2#Ingredient36,cornmeal,,,,,,
https://kg.knowledgegraph.tech/food2#Ingredient37,bell pepper,,,,,,
https://kg.knowledgegraph.tech/food2#Ingredient38,onion,,,,,,
https://kg.knowledgegraph.tech/food2#Ingredient40,corn,,,,,,
https://kg.knowledgegraph.tech/food2#Ingredient41,pimento,,,,,,
https://kg.knowledgegraph.tech/food2#Ingredient42,pepper,,,,,,
https://kg.knowledgegraph.tech/food2#Ingredient43,maple syrup,,,,,,
https://kg.knowledgegraph.tech/food2#Ingredient44,cocoa powder,,,,,,
https://kg.knowledgegraph.tech/food2#Ingredient46,ghee,,,,,,
https://kg.knowledgegraph.tech/food2#Ingredient47,yogurt,,,,,,
https://kg.knowledgegraph.tech/food2#Ingredient298,cabbage,,,,,,
https://kg.knowledgegraph.tech/food2#Ingredient299,1 tablespoon garam masala,,,,,,
https://kg.knowledgegraph.tech/food2#Ingredient300,mango,,,,,,
https://kg.knowledgegraph.tech/food2#Ingredient301,steak sauce,,,,,,
https://kg.knowledgegraph.tech/food2#Ingredient302,1 tablespoon jerk paste,,,,,,
https://kg.knowledgegraph.tech/food2#Ingredient303,gin,,,,,,
https://kg.knowledgegraph.tech/food2#Ingredient304,fry,,,,,,
https://kg.knowledgegraph.tech/food2#Ingredient305,sugar snap pea,,,,,,
https://kg.knowledgegraph.tech/food2#Ingredient306,1 (32 ounce) bottle bottled Bloody Mary mix,,,,,,
https://kg.knowledgegraph.tech/food2#Ingredient307,lasagna,,,,,,
https://kg.knowledgegraph.tech/food2#Ingredient308,pea,,,,,,
https://kg.knowledgegraph.tech/food2#Ingredient309,pickles,,,,,,
https://kg.knowledgegraph.tech/food2#Ingredient310,okra,,,,,,
https://kg.knowledgegraph.tech/food2#Ingredient311,1/2 cup finely crushed dry stuffing mix,,,,,,
https://kg.knowledgegraph.tech/food2#Ingredient312,Pico de Gallo:,,,,,,
https://kg.knowledgegraph.tech/food2#Ingredient313,1 tablespoon Italian-style seasoning,,,,,,
https://kg.knowledgegraph.tech/food2#Ingredient314,chive,,,,,,
https://kg.knowledgegraph.tech/food2#Ingredient315,1 cup croutons,,,,,,
https://kg.knowledgegraph.tech/food2#Ingredient316,crescent roll,,,,,,
https://kg.knowledgegraph.tech/food2#Ingredient317,biscuit,,,,,,
https://kg.knowledgegraph.tech/food2#Ingredient318,steak,,,,,,
https://kg.knowledgegraph.tech/food2#Ingredient319,fontina,,,,,,
https://kg.knowledgegraph.tech/food2#Ingredient320,capers,,,,,,
https://kg.knowledgegraph.tech/food2#Ingredient321,artichoke,,,,,,
https://kg.knowledgegraph.tech/food2#Ingredient322,wine,,,,,,
https://kg.knowledgegraph.tech/food2#Ingredient323,pork,,,,,,
https://kg.knowledgegraph.tech/food2#Ingredient324,taco,,,,,,
https://kg.knowledgegraph.tech/food2#Ingredient325,1 cup dry stuffing mix,,,,,,
https://kg.knowledgegraph.tech/food2#Ingredient326,vermouth,,,,,,
https://kg.knowledgegraph.tech/food2#Ingredient327,scallop,,,,,,
https://kg.knowledgegraph.tech/food2#Ingredient328,pizza,,,,,,
https://kg.knowledgegraph.tech/food2#Ingredient329,2 cups creme fraiche,,,,,,
https://kg.knowledgegraph.tech/food2#Ingredient330,oyster,,,,,,
https://kg.knowledgegraph.tech/food2#Ingredient331,1 (12 ounce) jar hot chutney,,,,,,
https://kg.knowledgegraph.tech/food2#Ingredient332,shrimp,,,,,,
https://kg.knowledgegraph.tech/food2#Ingredient333,1 carcass,,,,,,
https://kg.knowledgegraph.tech/food2#Ingredient334,roast,,,,,,
https://kg.knowledgegraph.tech/food2#Ingredient335,turkey,,,,,,
https://kg.knowledgegraph.tech/food2#Ingredient336,2 cups prepared stuffing,,,,,,
https://kg.knowledgegraph.tech/food2#Ingredient337,endive,,,,,,
https://kg.knowledgegraph.tech/food2#Ingredient338,rutabaga,,,,,,
https://kg.knowledgegraph.tech/food2#Ingredient339,parsnip,,,,,,
https://kg.knowledgegraph.tech/food2#Ingredient340,kiwi,,,,,,
https://kg.knowledgegraph.tech/food2#Ingredient341,turnip,,,,,,
https://kg.knowledgegraph.tech/food2#Ingredient342,anchovy,,,,,,
https://kg.knowledgegraph.tech/food2#Ingredient343,kosher,,,,,,
https://kg.knowledgegraph.tech/food2#Ingredient344,goose,,,,,,
https://kg.knowledgegraph.tech/food2#Ingredient345,1 (1.75 ounce) package red and green sprinkles (jimmies)',,,,,,
https://kg.knowledgegraph.tech/food2#Ingredient346,ground beef,,,,,,
https://kg.knowledgegraph.tech/food2#Ingredient347,soda,,,,,,
https://kg.knowledgegraph.tech/food2#Ingredient348,ice,,,,,,
https://kg.knowledgegraph.tech/food2#Ingredient349,pretzel,,,,,,
https://kg.knowledgegraph.tech/food2#Ingredient350,2 pounds calamari,,,,,,
https://kg.knowledgegraph.tech/food2#Ingredient351, cleaned,,,,,,
https://kg.knowledgegraph.tech/food2#Ingredient352,salmon,,,,,,
https://kg.knowledgegraph.tech/food2#Ingredient353,fruit juice,,,,,,
https://kg.knowledgegraph.tech/food2#Ingredient354,1 (1 ounce) package Ranch-style dressing mix,,,,,,
https://kg.knowledgegraph.tech/food2#Ingredient355,lamb,,,,,,
https://kg.knowledgegraph.tech/food2#Ingredient356,butternut squash,,,,,,
https://kg.knowledgegraph.tech/food2#Ingredient357,crab,,,,,,
https://kg.knowledgegraph.tech/food2#Ingredient358,3 ounces liquid pectin,,,,,,
https://kg.knowledgegraph.tech/food2#Ingredient359,pomegranate juice,,,,,,
https://kg.knowledgegraph.tech/food2#Ingredient360,1 (6 fluid ounce) container liquid pectin,,,,,,
https://kg.knowledgegraph.tech/food2#Ingredient361,1 cup maple flavored syrup,,,,,,
https://kg.knowledgegraph.tech/food2#Ingredient362,cauliflower,,,,,,
https://kg.knowledgegraph.tech/food2#Ingredient363,2 tablespoons ground turmeric,,,,,,
https://kg.knowledgegraph.tech/food2#Ingredient364,frozen dessert,,,,,,
https://kg.knowledgegraph.tech/food2#Ingredient365,1 (2 ounce) package dry pectin,,,,,,
https://kg.knowledgegraph.tech/food2#Ingredient366,Crust:,,,,,,
https://kg.knowledgegraph.tech/food2#Ingredient367,6 tablespoons carob powder,,,,,,
https://kg.knowledgegraph.tech/food2#Ingredient368,golden syrup,,,,,,
https://kg.knowledgegraph.tech/food2#Ingredient369,protein,,,,,,
https://kg.knowledgegraph.tech/food2#Ingredient370,1/3 cup toffee baking bits,,,,,,
https://kg.knowledgegraph.tech/food2#Ingredient371,custard,,,,,,
https://kg.knowledgegraph.tech/food2#Ingredient372,24 popsicle sticks,,,,,,
https://kg.knowledgegraph.tech/food2#Ingredient373,'3 tablespoons meringue powder,,,,,,
https://kg.knowledgegraph.tech/food2#Ingredient374,1 (1.75 ounce) package multicolored sprinkles (jimmies),,,,,,
https://kg.knowledgegraph.tech/food2#Ingredient375,1/2 tablespoon maple flavored extract,,,,,,
https://kg.knowledgegraph.tech/food2#Ingredient376,grapefruit,,,,,,
https://kg.knowledgegraph.tech/food2#Ingredient377,rating,,,,,,
https://kg.knowledgegraph.tech/food2#Ingredient378,bitters,,,,,,
https://kg.knowledgegraph.tech/food2#Ingredient379,lavender flower,,,,,,
https://kg.knowledgegraph.tech/food2#Ingredient380,1 1/2 cups toffee baking bits,,,,,,
https://kg.knowledgegraph.tech/food2#Ingredient381,To Layer In Jar:,,,,,,
https://kg.knowledgegraph.tech/food2#Ingredient382,1 cup toffee baking bits,,,,,,
https://kg.knowledgegraph.tech/food2#Ingredient383,5 tablespoons multicolored sprinkles (jimmies) (optional),,,,,,
https://kg.knowledgegraph.tech/food2#Ingredient384,1/2 cup carob powder,,,,,,
https://kg.knowledgegraph.tech/food2#Ingredient385,pancake,,,,,,
https://kg.knowledgegraph.tech/food2#Ingredient386,1/3 cup half-and-half,,,,,,
https://kg.knowledgegraph.tech/food2#Ingredient387,1 tablespoon aspartame sweetener,,,,,,
https://kg.knowledgegraph.tech/food2#Ingredient388,2 tablespoons glue,,,,,,
https://kg.knowledgegraph.tech/food2#Ingredient389,tahini,,,,,,
https://kg.knowledgegraph.tech/food2#Ingredient390,macaroni,,,,,,
https://kg.knowledgegraph.tech/food2#Ingredient391,tuna,,,,,,
https://kg.knowledgegraph.tech/food2#Ingredient392,goat cheese,,,,,,
https://kg.knowledgegraph.tech/food2#Ingredient393,arugula,,,,,,
https://kg.knowledgegraph.tech/food2#Ingredient394,lentil,,,,,,
https://kg.knowledgegraph.tech/food2#Ingredient395,1/2 pound flounder fillets,,,,,,
https://kg.knowledgegraph.tech/food2#Ingredient396,2 tablespoons creme fraiche,,,,,,
https://kg.knowledgegraph.tech/food2#Ingredient397,raw,,,,,,
https://kg.knowledgegraph.tech/food2#Ingredient398,clam,,,,,,
https://kg.knowledgegraph.tech/food2#Ingredient48,corn syrup,,,,,,
https://kg.knowledgegraph.tech/food2#Ingredient49,cardamom,,,,,,
https://kg.knowledgegraph.tech/food2#Ingredient50,clove,,,,,,
https://kg.knowledgegraph.tech/food2#Ingredient51,pecan,,,,,,
https://kg.knowledgegraph.tech/food2#Ingredient52,wheat germ,,,,,,
https://kg.knowledgegraph.tech/food2#Ingredient54,carrot,,,,,,
https://kg.knowledgegraph.tech/food2#Ingredient55,pineapple,,,,,,
https://kg.knowledgegraph.tech/food2#Ingredient56,vinegar,,,,,,
https://kg.knowledgegraph.tech/food2#Ingredient399,1 cup half-and-half,,,,,,
https://kg.knowledgegraph.tech/food2#Ingredient400,12 manicotti shells,,,,,,
https://kg.knowledgegraph.tech/food2#Ingredient401,stock,,,,,,
https://kg.knowledgegraph.tech/food2#Ingredient402,veal,,,,,,
https://kg.knowledgegraph.tech/food2#Ingredient403,2 1/2 tablespoons pesto,,,,,,
https://kg.knowledgegraph.tech/food2#Ingredient404,gravy,,,,,,
https://kg.knowledgegraph.tech/food2#Ingredient405,1/2 cup half-and-half,,,,,,
https://kg.knowledgegraph.tech/food2#Ingredient406,1 cup pesto,,,,,,
https://kg.knowledgegraph.tech/food2#Ingredient407,zest,,,,,,
https://kg.knowledgegraph.tech/food2#Ingredient408,2 tablespoons pesto,,,,,,
https://kg.knowledgegraph.tech/food2#Ingredient409,low sodium,,,,,,
https://kg.knowledgegraph.tech/food2#Ingredient410,1 pound uncooked linguine,,,,,,
https://kg.knowledgegraph.tech/food2#Ingredient411,chard,,,,,,
https://kg.knowledgegraph.tech/food2#Ingredient412,breakfast,,,,,,
https://kg.knowledgegraph.tech/food2#Ingredient413,1 1/2 cups dry hard cider,,,,,,
https://kg.knowledgegraph.tech/food2#Ingredient414,salami,,,,,,
https://kg.knowledgegraph.tech/food2#Ingredient415,bok choy,,,,,,
https://kg.knowledgegraph.tech/food2#Ingredient416,macaroni and cheese,,,,,,
https://kg.knowledgegraph.tech/food2#Ingredient417,1/4 cup pesto,,,,,,
https://kg.knowledgegraph.tech/food2#Ingredient418,tomatillo,,,,,,
https://kg.knowledgegraph.tech/food2#Ingredient419,For the Streusel:,,,,,,
https://kg.knowledgegraph.tech/food2#Ingredient420,kirsch,,,,,,
https://kg.knowledgegraph.tech/food2#Ingredient421,1 (12 ounce) jar hot fudge topping,,,,,,
https://kg.knowledgegraph.tech/food2#Ingredient422,tart,,,,,,
https://kg.knowledgegraph.tech/food2#Ingredient423,cacao,,,,,,
https://kg.knowledgegraph.tech/food2#Ingredient424,watermelon,,,,,,
https://kg.knowledgegraph.tech/food2#Ingredient425,'Streusel:,,,,,,
https://kg.knowledgegraph.tech/food2#Ingredient426,nectarine,,,,,,
https://kg.knowledgegraph.tech/food2#Ingredient427,Bottom Layer:,,,,,,
https://kg.knowledgegraph.tech/food2#Ingredient428,Top Layer:,,,,,,
https://kg.knowledgegraph.tech/food2#Ingredient429,beef tenderloin,,,,,,
https://kg.knowledgegraph.tech/food2#Ingredient430,1 1/2 cups lite frozen whipped topping,,,,,,
https://kg.knowledgegraph.tech/food2#Ingredient431,3 cups half-and-half,,,,,,
https://kg.knowledgegraph.tech/food2#Ingredient432,1/2 cup sorghum,,,,,,
https://kg.knowledgegraph.tech/food2#Ingredient433,1 jicama,,,,,,
https://kg.knowledgegraph.tech/food2#Ingredient434, peeled and shredded,,,,,,
https://kg.knowledgegraph.tech/food2#Ingredient435,3/4 cup toffee baking bits,,,,,,
https://kg.knowledgegraph.tech/food2#Ingredient436,fat,,,,,,
https://kg.knowledgegraph.tech/food2#Ingredient437,squid,,,,,,
https://kg.knowledgegraph.tech/food2#Ingredient438,swordfish,,,,,,
https://kg.knowledgegraph.tech/food2#Ingredient439,cod,,,,,,
https://kg.knowledgegraph.tech/food2#Ingredient440,halibut,,,,,,
https://kg.knowledgegraph.tech/food2#Ingredient441,4 (6 ounce) fillets sole,,,,,,
https://kg.knowledgegraph.tech/food2#Ingredient442,1/2 cup hickory wood chips,,,,,,
https://kg.knowledgegraph.tech/food2#Ingredient443, soaked,,,,,,
https://kg.knowledgegraph.tech/food2#Ingredient444,snapper,,,,,,
https://kg.knowledgegraph.tech/food2#Ingredient445,1 pinch ground savory,,,,,,
https://kg.knowledgegraph.tech/food2#Ingredient446,haddock,,,,,,
https://kg.knowledgegraph.tech/food2#Ingredient447,2 pounds mahi mahi fillets,,,,,,
https://kg.knowledgegraph.tech/food2#Ingredient448,1 pound shark fillets,,,,,,
https://kg.knowledgegraph.tech/food2#Ingredient449,mussel,,,,,,
https://kg.knowledgegraph.tech/food2#Ingredient450,1 1/2 cups pesto,,,,,,
https://kg.knowledgegraph.tech/food2#Ingredient451,trout,,,,,,
https://kg.knowledgegraph.tech/food2#Ingredient452,fish,,,,,,
https://kg.knowledgegraph.tech/food2#Ingredient453,bass,,,,,,
https://kg.knowledgegraph.tech/food2#Ingredient454,1/4 cup Old Bay Seasoning TM,,,,,,
https://kg.knowledgegraph.tech/food2#Ingredient455,lobster,,,,,,
https://kg.knowledgegraph.tech/food2#Ingredient456,5 pounds bratwurst,,,,,,
https://kg.knowledgegraph.tech/food2#Ingredient457,5 pounds hot dogs,,,,,,
https://kg.knowledgegraph.tech/food2#Ingredient458,saffron,,,,,,
https://kg.knowledgegraph.tech/food2#Ingredient459,4 (6 ounce) grouper fillets,,,,,,
https://kg.knowledgegraph.tech/food2#Ingredient460,venison,,,,,,
https://kg.knowledgegraph.tech/food2#Ingredient461,lima bean,,,,,,
https://kg.knowledgegraph.tech/food2#Ingredient462,1 tablespoon farina,,,,,,
https://kg.knowledgegraph.tech/food2#Ingredient463,chickpea,,,,,,
https://kg.knowledgegraph.tech/food2#Ingredient464,1 dash liquid smoke flavoring,,,,,,
https://kg.knowledgegraph.tech/food2#Ingredient465,england,,,,,,
https://kg.knowledgegraph.tech/food2#Ingredient466,meatball,,,,,,
https://kg.knowledgegraph.tech/food2#Ingredient467,2 tablespoons oil,,,,,,
https://kg.knowledgegraph.tech/food2#Ingredient468,1 (1 ounce) package ranch dressing mix,,,,,,
https://kg.knowledgegraph.tech/food2#Ingredient469,1 (15 ounce) can white hominy,,,,,,
https://kg.knowledgegraph.tech/food2#Ingredient470, drained,,,,,,
https://kg.knowledgegraph.tech/food2#Ingredient471,1 tablespoon tom yum soup paste (optional)',,,,,,
https://kg.knowledgegraph.tech/food2#Ingredient472,jerusalem artichoke,,,,,,
https://kg.knowledgegraph.tech/food2#Ingredient473,2 pig''s feet,,,,,,
https://kg.knowledgegraph.tech/food2#Ingredient474,2 (15 ounce) cans white hominy,,,,,,
https://kg.knowledgegraph.tech/food2#Ingredient475,kale,,,,,,
https://kg.knowledgegraph.tech/food2#Ingredient476,1/2 cup bamboo shoots,,,,,,
https://kg.knowledgegraph.tech/food2#Ingredient477,brisket,,,,,,
https://kg.knowledgegraph.tech/food2#Ingredient478,1 tablespoon dried savory,,,,,,
https://kg.knowledgegraph.tech/food2#Ingredient479,8 dried tiger lily buds,,,,,,
https://kg.knowledgegraph.tech/food2#Ingredient480,24 (3.5 inch square) wonton wrappers,,,,,,
https://kg.knowledgegraph.tech/food2#Ingredient481,1 (19 ounce) can minestrone soup,,,,,,
https://kg.knowledgegraph.tech/food2#Ingredient482,duck,,,,,,
https://kg.knowledgegraph.tech/food2#Ingredient483,1 pound sirloin tips,,,,,,
https://kg.knowledgegraph.tech/food2#Ingredient484, cubed,,,,,,
https://kg.knowledgegraph.tech/food2#Ingredient485,file powder (see Note),,,,,,
https://kg.knowledgegraph.tech/food2#Ingredient486,1 pound ground sirloin,,,,,,
https://kg.knowledgegraph.tech/food2#Ingredient487,1 (10.75 ounce) can condensed minestrone soup,,,,,,
https://kg.knowledgegraph.tech/food2#Ingredient488,3 1/2 (4 ounce) jars tom yum soup paste,,,,,,
https://kg.knowledgegraph.tech/food2#Ingredient489,1 cup reconstituted karengo (seaweed),,,,,,
https://kg.knowledgegraph.tech/food2#Ingredient490,leftovers,,,,,,
https://kg.knowledgegraph.tech/food2#Ingredient491,beef shank,,,,,,
https://kg.knowledgegraph.tech/food2#Ingredient492,2 cups chopped taro (eddoes),,,,,,
https://kg.knowledgegraph.tech/food2#Ingredient493,Creole seasoning to taste,,,,,,
https://kg.knowledgegraph.tech/food2#Ingredient494,1 cup white hominy,,,,,,
https://kg.knowledgegraph.tech/food2#Ingredient495,1 1/2 pounds ground sirloin,,,,,,
https://kg.knowledgegraph.tech/food2#Ingredient496,4 cups half-and-half,,,,,,
https://kg.knowledgegraph.tech/food2#Ingredient497,pork chop,,,,,,
https://kg.knowledgegraph.tech/food2#Ingredient498,1 (10 ounce) package succotash,,,,,,
https://kg.knowledgegraph.tech/food2#Ingredient499,escarole,,,,,,
https://kg.knowledgegraph.tech/food2#Ingredient500,2 tablespoons Old Bay Seasoning TM,,,,,,
https://kg.knowledgegraph.tech/food2#Ingredient501,steam,,,,,,
https://kg.knowledgegraph.tech/food2#Ingredient502,1 1/2 pounds yams,,,,,,
https://kg.knowledgegraph.tech/food2#Ingredient503, peeled and cubed,,,,,,
https://kg.knowledgegraph.tech/food2#Ingredient504,sangria,,,,,,
https://kg.knowledgegraph.tech/food2#Ingredient57,caraway,,,,,,
https://kg.knowledgegraph.tech/food2#Ingredient58,fennel,,,,,,
https://kg.knowledgegraph.tech/food2#Ingredient60,cream cheese,,,,,,
https://kg.knowledgegraph.tech/food2#Ingredient61,pumpkin,,,,,,
https://kg.knowledgegraph.tech/food2#Ingredient62,cherry,,,,,,
https://kg.knowledgegraph.tech/food2#Ingredient63,citron,,,,,,
https://kg.knowledgegraph.tech/food2#Ingredient65,beer,,,,,,
https://kg.knowledgegraph.tech/food2#Ingredient505,kumquat,,,,,,
https://kg.knowledgegraph.tech/food2#Ingredient506,1 cup prepared stuffing,,,,,,
https://kg.knowledgegraph.tech/food2#Ingredient507,1 pound Brussels sprouts,,,,,,
https://kg.knowledgegraph.tech/food2#Ingredient508,2 tablespoons toffee baking bits,,,,,,
https://kg.knowledgegraph.tech/food2#Ingredient509,1 (8 ounce) package seasoned tempeh,,,,,,
https://kg.knowledgegraph.tech/food2#Ingredient510,1 tablespoon tamari,,,,,,
https://kg.knowledgegraph.tech/food2#Ingredient511,1/4 cup brown miso,,,,,,
https://kg.knowledgegraph.tech/food2#Ingredient512,bulgur,,,,,,
https://kg.knowledgegraph.tech/food2#Ingredient513,vegetarian,,,,,,
https://kg.knowledgegraph.tech/food2#Ingredient514,1 1/2 (8 ounce) packages seitan,,,,,,
https://kg.knowledgegraph.tech/food2#Ingredient515,1 pinch asafoetida powder,,,,,,
https://kg.knowledgegraph.tech/food2#Ingredient516,4 pitas,,,,,,
https://kg.knowledgegraph.tech/food2#Ingredient517, halved,,,,,,
https://kg.knowledgegraph.tech/food2#Ingredient518,1 (8 ounce) package tempeh,,,,,,
https://kg.knowledgegraph.tech/food2#Ingredient519,1 (.25 ounce) package Spanish seasoning,,,,,,
https://kg.knowledgegraph.tech/food2#Ingredient520,tamarind,,,,,,
https://kg.knowledgegraph.tech/food2#Ingredient521,hamburger,,,,,,
https://kg.knowledgegraph.tech/food2#Ingredient522,poblano,,,,,,
https://kg.knowledgegraph.tech/food2#Ingredient523,1 (18 ounce) package prepared polenta,,,,,,
https://kg.knowledgegraph.tech/food2#Ingredient524,1 cup polenta,,,,,,
https://kg.knowledgegraph.tech/food2#Ingredient525,2 tablespoons safflower oil,,,,,,
https://kg.knowledgegraph.tech/food2#Ingredient526,1/3 (2 ounce) package powdered pectin (optional),,,,,,
https://kg.knowledgegraph.tech/food2#Ingredient527,2 cups seasoned croutons,,,,,,
https://kg.knowledgegraph.tech/food2#Ingredient528,vinaigrette,,,,,,
https://kg.knowledgegraph.tech/food2#Ingredient529,1 (16 ounce) bottle French dressing,,,,,,
https://kg.knowledgegraph.tech/food2#Ingredient530,1 1/2 cups crushed croutons,,,,,,
https://kg.knowledgegraph.tech/food2#Ingredient531,marinate,,,,,,
https://kg.knowledgegraph.tech/food2#Ingredient532,2 cups croutons,,,,,,
https://kg.knowledgegraph.tech/food2#Ingredient533, divided,,,,,,
https://kg.knowledgegraph.tech/food2#Ingredient534,1 (16 ounce) package shredded coleslaw mix,,,,,,
https://kg.knowledgegraph.tech/food2#Ingredient535,4 tablespoons cole slaw dressing,,,,,,
https://kg.knowledgegraph.tech/food2#Ingredient536,cantaloupe,,,,,,
https://kg.knowledgegraph.tech/food2#Ingredient537,1 (6 ounce) container guacamole,,,,,,
https://kg.knowledgegraph.tech/food2#Ingredient538,4 tablespoons croutons,,,,,,
https://kg.knowledgegraph.tech/food2#Ingredient539,1/2 (16 ounce) package shredded coleslaw mix,,,,,,
https://kg.knowledgegraph.tech/food2#Ingredient540,dairy,,,,,,
https://kg.knowledgegraph.tech/food2#Ingredient541,1/4 cup croutons,,,,,,
https://kg.knowledgegraph.tech/food2#Ingredient542,1 cup cole slaw dressing,,,,,,
https://kg.knowledgegraph.tech/food2#Ingredient543,watercress,,,,,,
https://kg.knowledgegraph.tech/food2#Ingredient544,2 3/4 ounces croutons,,,,,,
https://kg.knowledgegraph.tech/food2#Ingredient545,8 tablespoons thousand island dressing,,,,,,
https://kg.knowledgegraph.tech/food2#Ingredient546,radicchio,,,,,,
https://kg.knowledgegraph.tech/food2#Ingredient547,pork tenderloin,,,,,,
https://kg.knowledgegraph.tech/food2#Ingredient548,pork rib,,,,,,
https://kg.knowledgegraph.tech/food2#Ingredient549,3 tablespoons garam masala,,,,,,
https://kg.knowledgegraph.tech/food2#Ingredient550,adobo seasoning to taste,,,,,,
https://kg.knowledgegraph.tech/food2#Ingredient551,10 hoagie rolls,,,,,,
https://kg.knowledgegraph.tech/food2#Ingredient552,3 dashes liquid smoke flavoring,,,,,,
https://kg.knowledgegraph.tech/food2#Ingredient553,marinade,,,,,,
https://kg.knowledgegraph.tech/food2#Ingredient554,2 tablespoons dried Italian-style seasoning,,,,,,
https://kg.knowledgegraph.tech/food2#Ingredient555,lamb chop,,,,,,
https://kg.knowledgegraph.tech/food2#Ingredient556,ground lamb,,,,,,
https://kg.knowledgegraph.tech/food2#Ingredient557,breadcrumbs,,,,,,
https://kg.knowledgegraph.tech/food2#Ingredient558,2 pounds top sirloin,,,,,,
https://kg.knowledgegraph.tech/food2#Ingredient559, 2 inches thick,,,,,,
https://kg.knowledgegraph.tech/food2#Ingredient560,1 cup mesquite chips,,,,,,
https://kg.knowledgegraph.tech/food2#Ingredient561,1/2 (1 ounce) package dry Ranch-style dressing mix,,,,,,
https://kg.knowledgegraph.tech/food2#Ingredient562,2 pounds filet mignon,,,,,,
https://kg.knowledgegraph.tech/food2#Ingredient563,1 pound calves'' livers,,,,,,
https://kg.knowledgegraph.tech/food2#Ingredient564,1 pound Polish kielbasa,,,,,,
https://kg.knowledgegraph.tech/food2#Ingredient565,100 (3.5 inch square) wonton wrappers,,,,,,
https://kg.knowledgegraph.tech/food2#Ingredient566,2 pig''s ears,,,,,,
https://kg.knowledgegraph.tech/food2#Ingredient567, chopped,,,,,,
https://kg.knowledgegraph.tech/food2#Ingredient568,collard greens,,,,,,
https://kg.knowledgegraph.tech/food2#Ingredient569,barbeque seasoning,,,,,,
https://kg.knowledgegraph.tech/food2#Ingredient570, to taste,,,,,,
https://kg.knowledgegraph.tech/food2#Ingredient571,1 French baguette,,,,,,
https://kg.knowledgegraph.tech/food2#Ingredient572, cut into 1/2 inch thick circles,,,,,,
https://kg.knowledgegraph.tech/food2#Ingredient573,1 (14 ounce) package small won ton wrappers,,,,,,
https://kg.knowledgegraph.tech/food2#Ingredient574,1/2 cup Thousand Island dressing,,,,,,
https://kg.knowledgegraph.tech/food2#Ingredient575,cocktail sauce,,,,,,
https://kg.knowledgegraph.tech/food2#Ingredient576,1 fluid ounce sweet and sour mix,,,,,,
https://kg.knowledgegraph.tech/food2#Ingredient577,1/2 fluid ounce sweet and sour mix,,,,,,
https://kg.knowledgegraph.tech/food2#Ingredient578,1 dash grenadine syrup,,,,,,
https://kg.knowledgegraph.tech/food2#Ingredient579,1 (16 ounce) jar nopales - drained,,,,,,
https://kg.knowledgegraph.tech/food2#Ingredient580, rinsed,,,,,,
https://kg.knowledgegraph.tech/food2#Ingredient581, and dried,,,,,,
https://kg.knowledgegraph.tech/food2#Ingredient582,lunch,,,,,,
https://kg.knowledgegraph.tech/food2#Ingredient583,passion fruit,,,,,,
https://kg.knowledgegraph.tech/food2#Ingredient584,1 tablespoon half-and-half,,,,,,
https://kg.knowledgegraph.tech/food2#Ingredient585,1 (12 ounce) jar chutney,,,,,,
https://kg.knowledgegraph.tech/food2#Ingredient586,24 dinner rolls,,,,,,
https://kg.knowledgegraph.tech/food2#Ingredient587,5 (1 gram) packets Acesulfame Potassium sweetener,,,,,,
https://kg.knowledgegraph.tech/food2#Ingredient588,1 pound linguica,,,,,,
https://kg.knowledgegraph.tech/food2#Ingredient589, casings removed,,,,,,
https://kg.knowledgegraph.tech/food2#Ingredient590,20 packets aspartame sweetener,,,,,,
https://kg.knowledgegraph.tech/food2#Ingredient591,Cobbler Topping:,,,,,,
https://kg.knowledgegraph.tech/food2#Ingredient592,2 cups toffee baking bits,,,,,,
https://kg.knowledgegraph.tech/food2#Ingredient593,1 (8 ounce) package dry pastini,,,,,,
https://kg.knowledgegraph.tech/food2#Ingredient594,margarita,,,,,,
https://kg.knowledgegraph.tech/food2#Ingredient595,1 cup guacamole,,,,,,
https://kg.knowledgegraph.tech/food2#Ingredient596,4 (15 ounce) cans white hominy,,,,,,
https://kg.knowledgegraph.tech/food2#Ingredient597,16 ounces bratwurst,,,,,,
https://kg.knowledgegraph.tech/food2#Ingredient598,For the Swiss Meringue:,,,,,,
https://kg.knowledgegraph.tech/food2#Ingredient599,1/2 cup pesto,,,,,,
https://kg.knowledgegraph.tech/food2#Ingredient600,1 (1.27 ounce) packet dry fajita seasoning,,,,,,
https://kg.knowledgegraph.tech/food2#Ingredient601,1 1/2 pounds top sirloin,,,,,,
https://kg.knowledgegraph.tech/food2#Ingredient66,bran,,,,,,
https://kg.knowledgegraph.tech/food2#Ingredient67,beef,,,,,,
https://kg.knowledgegraph.tech/food2#Ingredient68,chile,,,,,,
https://kg.knowledgegraph.tech/food2#Ingredient69,olive,,,,,,
https://kg.knowledgegraph.tech/food2#Ingredient70,cumin,,,,,,
https://kg.knowledgegraph.tech/food2#Ingredient72,thyme,,,,,,
https://kg.knowledgegraph.tech/food2#Ingredient73,apple juice,,,,,,
https://kg.knowledgegraph.tech/food2#Ingredient74,tapioca,,,,,,
https://kg.knowledgegraph.tech/food2#Ingredient602, lean,,,,,,
https://kg.knowledgegraph.tech/food2#Ingredient603,2 (8 ounce) packages braunschweiger liverwurst,,,,,,
https://kg.knowledgegraph.tech/food2#Ingredient604,3 cups Brussels sprouts,,,,,,
https://kg.knowledgegraph.tech/food2#Ingredient605,pomegranate,,,,,,
https://kg.knowledgegraph.tech/food2#Ingredient606,Filling:,,,,,,
https://kg.knowledgegraph.tech/food2#Ingredient607,1/4 cup maple flavored syrup,,,,,,
https://kg.knowledgegraph.tech/food2#Ingredient608,2 tablespoons tamari,,,,,,
https://kg.knowledgegraph.tech/food2#Ingredient609,1 packet aspartame sweetener,,,,,,
https://kg.knowledgegraph.tech/food2#Ingredient610,1 cup matzo farfel,,,,,,
https://kg.knowledgegraph.tech/food2#Ingredient611,1/4 cup half-and-half,,,,,,
https://kg.knowledgegraph.tech/food2#Ingredient612,2 matzo crackers,,,,,,
https://kg.knowledgegraph.tech/food2#Ingredient613,1 matzo cracker,,,,,,
https://kg.knowledgegraph.tech/food2#Ingredient614,powdered gold leaf',,,,,,
https://kg.knowledgegraph.tech/food2#Ingredient615,2 tablespoons dry pectin,,,,,,
https://kg.knowledgegraph.tech/food2#Ingredient616,2 cups matzo meal,,,,,,
https://kg.knowledgegraph.tech/food2#Ingredient617,kosher for passover,,,,,,
https://kg.knowledgegraph.tech/food2#Ingredient618,6 tablespoons matzo meal,,,,,,
https://kg.knowledgegraph.tech/food2#Ingredient619,2 tablespoons liquid smoke flavoring,,,,,,
https://kg.knowledgegraph.tech/food2#Ingredient620,1 pound eye of round,,,,,,
https://kg.knowledgegraph.tech/food2#Ingredient621,3/4 cup matzo meal,,,,,,
https://kg.knowledgegraph.tech/food2#Ingredient622,1/4 cup thousand island dressing,,,,,,
https://kg.knowledgegraph.tech/food2#Ingredient623,1/4 cup French dressing,,,,,,
https://kg.knowledgegraph.tech/food2#Ingredient624,1 pound braunschweiger liverwurst,,,,,,
https://kg.knowledgegraph.tech/food2#Ingredient625,3 matzo crackers,,,,,,
https://kg.knowledgegraph.tech/food2#Ingredient626,3 cups matzo farfel,,,,,,
https://kg.knowledgegraph.tech/food2#Ingredient627,dried fruit,,,,,,
https://kg.knowledgegraph.tech/food2#Ingredient628,6 French rolls,,,,,,
https://kg.knowledgegraph.tech/food2#Ingredient629,2 pounds hot dogs,,,,,,
https://kg.knowledgegraph.tech/food2#Ingredient630,sake,,,,,,
https://kg.knowledgegraph.tech/food2#Ingredient631,4 frozen toasted mochi squares,,,,,,
https://kg.knowledgegraph.tech/food2#Ingredient632, thawed,,,,,,
https://kg.knowledgegraph.tech/food2#Ingredient633,3/4 cup crushed crackers,,,,,,
https://kg.knowledgegraph.tech/food2#Ingredient634,london,,,,,,
https://kg.knowledgegraph.tech/food2#Ingredient635,2 pounds top round,,,,,,
https://kg.knowledgegraph.tech/food2#Ingredient636,2 dashes liquid smoke flavoring,,,,,,
https://kg.knowledgegraph.tech/food2#Ingredient637,1 (1 ounce) package dry Ranch-style dressing mix,,,,,,
https://kg.knowledgegraph.tech/food2#Ingredient638,1 cup jicama,,,,,,
https://kg.knowledgegraph.tech/food2#Ingredient639,2 (10.75 ounce) cans condensed minestrone soup,,,,,,
https://kg.knowledgegraph.tech/food2#Ingredient640,1 (5.5 ounce) package croutons,,,,,,
https://kg.knowledgegraph.tech/food2#Ingredient641,1 (7.25 ounce) package fluffy white frosting mix,,,,,,
https://kg.knowledgegraph.tech/food2#Ingredient642,3 pounds bottom round,,,,,,
https://kg.knowledgegraph.tech/food2#Ingredient643,1 1/2 pounds lean top sirloin,,,,,,
https://kg.knowledgegraph.tech/food2#Ingredient644,1 day old baguette,,,,,,
https://kg.knowledgegraph.tech/food2#Ingredient645,tilapia,,,,,,
https://kg.knowledgegraph.tech/food2#Ingredient646,2 tablespoons Italian-style seasoning,,,,,,
https://kg.knowledgegraph.tech/food2#Ingredient647,6 bagels,,,,,,
https://kg.knowledgegraph.tech/food2#Ingredient648,1 (14 ounce) package won ton wrappers,,,,,,
https://kg.knowledgegraph.tech/food2#Ingredient649,4 tablespoons pesto,,,,,,
https://kg.knowledgegraph.tech/food2#Ingredient650,5 tablespoons pan drippings,,,,,,
https://kg.knowledgegraph.tech/food2#Ingredient651,1 cup wood chips,,,,,,
https://kg.knowledgegraph.tech/food2#Ingredient652,beef rib,,,,,,
https://kg.knowledgegraph.tech/food2#Ingredient653,3 tablespoons fajita seasoning,,,,,,
https://kg.knowledgegraph.tech/food2#Ingredient654,2 cups crushed,,,,,,
https://kg.knowledgegraph.tech/food2#Ingredient655, seasoned croutons,,,,,,
https://kg.knowledgegraph.tech/food2#Ingredient656,1 (1.3 ounce) envelope sloppy joe seasoning,,,,,,
https://kg.knowledgegraph.tech/food2#Ingredient657,wasabi,,,,,,
https://kg.knowledgegraph.tech/food2#Ingredient658,1 (16 ounce) package small won ton wrappers,,,,,,
https://kg.knowledgegraph.tech/food2#Ingredient659,papaya,,,,,,
https://kg.knowledgegraph.tech/food2#Ingredient660,3 tablespoons file powder,,,,,,
https://kg.knowledgegraph.tech/food2#Ingredient661,1 1/2 cups chopped daikon,,,,,,
https://kg.knowledgegraph.tech/food2#Ingredient662,Icing:,,,,,,
https://kg.knowledgegraph.tech/food2#Ingredient663,'2 cups crushed zwieback toast,,,,,,
https://kg.knowledgegraph.tech/food2#Ingredient664,1/3 cup cracker meal,,,,,,
https://kg.knowledgegraph.tech/food2#Ingredient665,2 (16 ounce) packages shredded coleslaw mix,,,,,,
https://kg.knowledgegraph.tech/food2#Ingredient666,rack of lamb,,,,,,
https://kg.knowledgegraph.tech/food2#Ingredient667,3 cups prepared stuffing,,,,,,
https://kg.knowledgegraph.tech/food2#Ingredient668,1/2 fluid ounce grenadine syrup,,,,,,
https://kg.knowledgegraph.tech/food2#Ingredient669,6 small yams,,,,,,
https://kg.knowledgegraph.tech/food2#Ingredient670,1 (10 ounce) can bamboo shoots,,,,,,
https://kg.knowledgegraph.tech/food2#Ingredient671, julienned,,,,,,
https://kg.knowledgegraph.tech/food2#Ingredient672,1/2 cup jicama,,,,,,
https://kg.knowledgegraph.tech/food2#Ingredient75,parsley,,,,,,
https://kg.knowledgegraph.tech/food2#Ingredient76,brown rice,,,,,,
https://kg.knowledgegraph.tech/food2#Ingredient77,tea,,,,,,
https://kg.knowledgegraph.tech/food2#Ingredient79,lemon juice,,,,,,
https://kg.knowledgegraph.tech/food2#Ingredient80,pastry,,,,,,
https://kg.knowledgegraph.tech/food2#Ingredient81,lard,,,,,,
https://kg.knowledgegraph.tech/food2#Ingredient82,currant,,,,,,
https://kg.knowledgegraph.tech/food2#Ingredient83,sourdough,,,,,,
https://kg.knowledgegraph.tech/food2#Ingredient673, peeled and julienned,,,,,,
https://kg.knowledgegraph.tech/food2#Ingredient674,honeydew,,,,,,
https://kg.knowledgegraph.tech/food2#Ingredient675,CRUST:,,,,,,
https://kg.knowledgegraph.tech/food2#Ingredient676,plantain,,,,,,
https://kg.knowledgegraph.tech/food2#Ingredient677,cooking spray,,,,,,
https://kg.knowledgegraph.tech/food2#Ingredient678,1 1/2 pounds top sirloin - cut into 2 inch strips,,,,,,
https://kg.knowledgegraph.tech/food2#Ingredient679,1 1/2 cups frozen whipped topping',,,,,,
https://kg.knowledgegraph.tech/food2#Ingredient680,tangerine,,,,,,
https://kg.knowledgegraph.tech/food2#Ingredient681,1 pound kielbasa,,,,,,
https://kg.knowledgegraph.tech/food2#Ingredient682,1 (1.75 ounce) package powdered pectin,,,,,,
https://kg.knowledgegraph.tech/food2#Ingredient683,japan,,,,,,
https://kg.knowledgegraph.tech/food2#Ingredient684,4 cups hominy,,,,,,
https://kg.knowledgegraph.tech/food2#Ingredient685,1 (16 ounce) package hot roll mix,,,,,,
https://kg.knowledgegraph.tech/food2#Ingredient686,mexico,,,,,,
https://kg.knowledgegraph.tech/food2#Ingredient687,1 cup miso paste,,,,,,
https://kg.knowledgegraph.tech/food2#Ingredient688,2 pounds hickory wood chips,,,,,,
https://kg.knowledgegraph.tech/food2#Ingredient689,brine,,,,,,
https://kg.knowledgegraph.tech/food2#Ingredient690,1/2 pound smoked marlin,,,,,,
https://kg.knowledgegraph.tech/food2#Ingredient691,1 tablespoon Old Bay  Seasoning,,,,,,
https://kg.knowledgegraph.tech/food2#Ingredient692,1 hot dog,,,,,,
https://kg.knowledgegraph.tech/food2#Ingredient693,2 tablespoons alfalfa sprouts,,,,,,
https://kg.knowledgegraph.tech/food2#Ingredient694,1/2 cup French dressing,,,,,,
https://kg.knowledgegraph.tech/food2#Ingredient695,1/2 cup polenta,,,,,,
https://kg.knowledgegraph.tech/food2#Ingredient696,1 cup uncooked millet,,,,,,
https://kg.knowledgegraph.tech/food2#Ingredient697,1/3 cup croutons,,,,,,
https://kg.knowledgegraph.tech/food2#Ingredient698,1 1/3 cups hominy grits,,,,,,
https://kg.knowledgegraph.tech/food2#Ingredient699,16 ounces thousand island dressing,,,,,,
https://kg.knowledgegraph.tech/food2#Ingredient700,3/4 cup half-and-half,,,,,,
https://kg.knowledgegraph.tech/food2#Ingredient701,3 (15 ounce) cans white hominy,,,,,,
https://kg.knowledgegraph.tech/food2#Ingredient702,1/3 cup French dressing,,,,,,
https://kg.knowledgegraph.tech/food2#Ingredient703,1 tablespoon miso paste,,,,,,
https://kg.knowledgegraph.tech/food2#Ingredient704,8 hot dog buns,,,,,,
https://kg.knowledgegraph.tech/food2#Ingredient705,8 hot dogs,,,,,,
https://kg.knowledgegraph.tech/food2#Ingredient706,1 pound cooked pheasant,,,,,,
https://kg.knowledgegraph.tech/food2#Ingredient707,lamb shank,,,,,,
https://kg.knowledgegraph.tech/food2#Ingredient708,1 (14 ounce) package seasoned dry stuffing mix,,,,,,
https://kg.knowledgegraph.tech/food2#Ingredient709,calvados,,,,,,
https://kg.knowledgegraph.tech/food2#Ingredient710,1/4 fluid ounce Blue Curacao,,,,,,
https://kg.knowledgegraph.tech/food2#Ingredient711,triple sec,,,,,,
https://kg.knowledgegraph.tech/food2#Ingredient712,1 (1.5 fluid ounce) jigger grenadine syrup,,,,,,
https://kg.knowledgegraph.tech/food2#Ingredient713,2 fluid ounces absinthe,,,,,,
https://kg.knowledgegraph.tech/food2#Ingredient714,2 fluid ounces sour mix,,,,,,
https://kg.knowledgegraph.tech/food2#Ingredient715,tropical fruit,,,,,,
https://kg.knowledgegraph.tech/food2#Ingredient716,1 (4 ounce) package zwieback toast,,,,,,
https://kg.knowledgegraph.tech/food2#Ingredient717,Filling,,,,,,
https://kg.knowledgegraph.tech/food2#Ingredient718,2 pounds ground sirloin,,,,,,
https://kg.knowledgegraph.tech/food2#Ingredient719,3/4 cup Old Bay Seasoning TM,,,,,,
https://kg.knowledgegraph.tech/food2#Ingredient720,1 pound king mackerel fillets - cleaned,,,,,,
https://kg.knowledgegraph.tech/food2#Ingredient721, washed and cubed,,,,,,
https://kg.knowledgegraph.tech/food2#Ingredient722,1 tablespoon Old Bay Seasoning TM,,,,,,
https://kg.knowledgegraph.tech/food2#Ingredient723,6 sheets nori (dry seaweed),,,,,,
https://kg.knowledgegraph.tech/food2#Ingredient724,1 whole large smoked mullet,,,,,,
https://kg.knowledgegraph.tech/food2#Ingredient725,4 pounds whole flounder - cleaned,,,,,,
https://kg.knowledgegraph.tech/food2#Ingredient726, rinsed and dried,,,,,,
https://kg.knowledgegraph.tech/food2#Ingredient727,2 pounds grouper fillets,,,,,,
https://kg.knowledgegraph.tech/food2#Ingredient728,1 (.7 ounce) package Italian-style dressing mix,,,,,,
https://kg.knowledgegraph.tech/food2#Ingredient729,'1 pound calves'' brains,,,,,,
https://kg.knowledgegraph.tech/food2#Ingredient730,1 (.25 ounce) package unflavored Jell-O®,,,,,,
https://kg.knowledgegraph.tech/food2#Ingredient731,1/4 cup bamboo shoots,,,,,,
https://kg.knowledgegraph.tech/food2#Ingredient732, drained and finely chopped,,,,,,
https://kg.knowledgegraph.tech/food2#Ingredient733,1 (14 ounce) package wonton wrappers,,,,,,
https://kg.knowledgegraph.tech/food2#Ingredient734,2 (2 ounce) packages kippers (smoked herring),,,,,,
https://kg.knowledgegraph.tech/food2#Ingredient735, mashed,,,,,,
https://kg.knowledgegraph.tech/food2#Ingredient736,2 (16 ounce) packages small won ton wrappers,,,,,,
https://kg.knowledgegraph.tech/food2#Ingredient737,1 1/2 cups matzo meal,,,,,,
https://kg.knowledgegraph.tech/food2#Ingredient738,6 large yams,,,,,,
https://kg.knowledgegraph.tech/food2#Ingredient739,lychee,,,,,,
https://kg.knowledgegraph.tech/food2#Ingredient740,rabbit,,,,,,
https://kg.knowledgegraph.tech/food2#Ingredient741,4 dashes liquid smoke flavoring,,,,,,
https://kg.knowledgegraph.tech/food2#Ingredient742,12 dinner rolls,,,,,,
https://kg.knowledgegraph.tech/food2#Ingredient743,CREPES,,,,,,
https://kg.knowledgegraph.tech/food2#Ingredient744,FILLING,,,,,,
https://kg.knowledgegraph.tech/food2#Ingredient745,1 1/2 tablespoons grenadine syrup,,,,,,
https://kg.knowledgegraph.tech/food2#Ingredient746,2 1/2 fluid ounces cachaca,,,,,,
https://kg.knowledgegraph.tech/food2#Ingredient747,2 pandan leaves,,,,,,
https://kg.knowledgegraph.tech/food2#Ingredient748,1/4 cup guacamole,,,,,,
https://kg.knowledgegraph.tech/food2#Ingredient749, for topping,,,,,,
https://kg.knowledgegraph.tech/food2#Ingredient750,TOPPING,,,,,,
https://kg.knowledgegraph.tech/food2#Ingredient751,campari,,,,,,
https://kg.knowledgegraph.tech/food2#Ingredient752,2 tablespoons instant mocha cappuccino mix,,,,,,
https://kg.knowledgegraph.tech/food2#Ingredient753,2 (1.5 fluid ounce) jiggers grenadine syrup,,,,,,
https://kg.knowledgegraph.tech/food2#Ingredient754,4 fluid ounces grenadine syrup,,,,,,
https://kg.knowledgegraph.tech/food2#Ingredient755,1 dash Blue Curacao,,,,,,
https://kg.knowledgegraph.tech/food2#Ingredient756,1 (12 fluid ounce) can or bottle clear malt liquor,,,,,,
https://kg.knowledgegraph.tech/food2#Ingredient757,1 tablespoon Beau Monde  seasoning,,,,,,
https://kg.knowledgegraph.tech/food2#Ingredient758,1/2 fluid ounce Blue Curacao,,,,,,
https://kg.knowledgegraph.tech/food2#Ingredient759,1 tablespoon hickory-flavored liquid smoke,,,,,,
https://kg.knowledgegraph.tech/food2#Ingredient760,2/3 fluid ounce Blue Curacao,,,,,,
https://kg.knowledgegraph.tech/food2#Ingredient761,1 cup cognac,,,,,,
https://kg.knowledgegraph.tech/food2#Ingredient84,basil,,,,,,
https://kg.knowledgegraph.tech/food2#Ingredient85,dill,,,,,,
https://kg.knowledgegraph.tech/food2#Ingredient86,celery,,,,,,
https://kg.knowledgegraph.tech/food2#Ingredient87,ginger,,,,,,
https://kg.knowledgegraph.tech/food2#Ingredient88,spice,,,,,,
https://kg.knowledgegraph.tech/food2#Ingredient89,mace,,,,,,
https://kg.knowledgegraph.tech/food2#Ingredient91,sherry,,,,,,
https://kg.knowledgegraph.tech/food2#Ingredient92,cheddar,,,,,,
https://kg.knowledgegraph.tech/food2#Ingredient93,quinoa,,,,,,
https://kg.knowledgegraph.tech/food2#Ingredient94,rosemary,,,,,,
https://kg.knowledgegraph.tech/food2#Ingredient762,2 fluid ounces Lillet blanc,,,,,,
https://kg.knowledgegraph.tech/food2#Ingredient763,1/4 cup grenadine syrup,,,,,,
https://kg.knowledgegraph.tech/food2#Ingredient764,oatmeal,,,,,,
https://kg.knowledgegraph.tech/food2#Ingredient765,1/2 pound mesquite wood chips,,,,,,
https://kg.knowledgegraph.tech/food2#Ingredient766,2 tablespoons thousand island dressing,,,,,,
https://kg.knowledgegraph.tech/food2#Ingredient767,'5 pig''s feet,,,,,,
https://kg.knowledgegraph.tech/food2#Ingredient768,1 (16 ounce) package wonton wrappers,,,,,,
https://kg.knowledgegraph.tech/food2#Ingredient769,6 helix snails,,,,,,
https://kg.knowledgegraph.tech/food2#Ingredient770, without shells,,,,,,
https://kg.knowledgegraph.tech/food2#Ingredient771,SYRUP,,,,,,
https://kg.knowledgegraph.tech/food2#Ingredient772,1 (16 ounce) bottle cole slaw dressing,,,,,,
https://kg.knowledgegraph.tech/food2#Ingredient773,8 leaves ti leaves,,,,,,
https://kg.knowledgegraph.tech/food2#Ingredient774,1 pound taro leaves,,,,,,
https://kg.knowledgegraph.tech/food2#Ingredient775,1 tablespoon liquid smoke flavoring,,,,,,
https://kg.knowledgegraph.tech/food2#Ingredient776,1 (8 ounce) package braunschweiger liverwurst,,,,,,
https://kg.knowledgegraph.tech/food2#Ingredient777,1 (16 ounce) package bologna,,,,,,
https://kg.knowledgegraph.tech/food2#Ingredient778,1/2 pound braunschweiger liverwurst,,,,,,
https://kg.knowledgegraph.tech/food2#Ingredient779,PUDDING,,,,,,
https://kg.knowledgegraph.tech/food2#Ingredient780,1 (8 ounce) loaf baguette,,,,,,
https://kg.knowledgegraph.tech/food2#Ingredient781,1/2 cup granular sucrolose sweetener,,,,,,
https://kg.knowledgegraph.tech/food2#Ingredient782,broccoli rabe,,,,,,
https://kg.knowledgegraph.tech/food2#Ingredient783,calories,,,,,,
https://kg.knowledgegraph.tech/food2#Ingredient784,1 1/2 cups seasoned croutons,,,,,,
https://kg.knowledgegraph.tech/food2#Ingredient785,1 baguette,,,,,,
https://kg.knowledgegraph.tech/food2#Ingredient786,1 (2 pound) package frozen hash browns,,,,,,
https://kg.knowledgegraph.tech/food2#Ingredient787,3/4 fluid ounce Blue Curacao,,,,,,
https://kg.knowledgegraph.tech/food2#Ingredient788,4 fluid ounces sour mix,,,,,,
https://kg.knowledgegraph.tech/food2#Ingredient789,alcoholic,,,,,,
https://kg.knowledgegraph.tech/food2#Ingredient790,brussel sprout,,,,,,
https://kg.knowledgegraph.tech/food2#Ingredient791,1 pandan leaf,,,,,,
https://kg.knowledgegraph.tech/food2#Ingredient792,1 cup dry sago,,,,,,
https://kg.knowledgegraph.tech/food2#Ingredient793,1 bagel,,,,,,
https://kg.knowledgegraph.tech/food2#Ingredient794, split and toasted,,,,,,
https://kg.knowledgegraph.tech/food2#Ingredient795,10 manicotti shells,,,,,,
https://kg.knowledgegraph.tech/food2#Ingredient796,1/2 fluid ounce cointreau,,,,,,
https://kg.knowledgegraph.tech/food2#Ingredient797,1 (1.27 ounce) packet fajita seasoning,,,,,,
https://kg.knowledgegraph.tech/food2#Ingredient798,1/4 cup crushed croutons,,,,,,
https://kg.knowledgegraph.tech/food2#Ingredient799,3/4 cup masa harina,,,,,,
https://kg.knowledgegraph.tech/food2#Ingredient800,4 (4 ounce) fillets flounder,,,,,,
https://kg.knowledgegraph.tech/food2#Ingredient801,8 frankfurters,,,,,,
https://kg.knowledgegraph.tech/food2#Ingredient802,16 ladyfingers,,,,,,
https://kg.knowledgegraph.tech/food2#Ingredient803,4 large yams,,,,,,
https://kg.knowledgegraph.tech/food2#Ingredient804,1 (5.5 ounce) package seasoned croutons,,,,,,
https://kg.knowledgegraph.tech/food2#Ingredient805,14 uncooked manicotti shells,,,,,,
https://kg.knowledgegraph.tech/food2#Ingredient806,2 tablespoons Beau Monde  seasoning,,,,,,
https://kg.knowledgegraph.tech/food2#Ingredient807,1 pound ground round,,,,,,
https://kg.knowledgegraph.tech/food2#Ingredient808,2 fluid ounces Southern Comfort,,,,,,
https://kg.knowledgegraph.tech/food2#Ingredient809,DRESSING,,,,,,
https://kg.knowledgegraph.tech/food2#Ingredient810,1 3/4 fluid ounces liquid smoke flavoring,,,,,,
https://kg.knowledgegraph.tech/food2#Ingredient811,BATTER,,,,,,
https://kg.knowledgegraph.tech/food2#Ingredient812,20 ladyfingers,,,,,,
https://kg.knowledgegraph.tech/food2#Ingredient813,1 tablespoon yam extract,,,,,,
https://kg.knowledgegraph.tech/food2#Ingredient814,1 (16 ounce) can white frosting,,,,,,
https://kg.knowledgegraph.tech/food2#Ingredient815,'Crust:,,,,,,
https://kg.knowledgegraph.tech/food2#Ingredient816,1/2 cup multicolored sprinkles (jimmies),,,,,,
https://kg.knowledgegraph.tech/food2#Ingredient817,1 1/2 pounds ground round,,,,,,
https://kg.knowledgegraph.tech/food2#Ingredient818,1 dash liquid smoke flavoring (optional),,,,,,
https://kg.knowledgegraph.tech/food2#Ingredient819,1 (14 ounce) can bamboo shoots,,,,,,
https://kg.knowledgegraph.tech/food2#Ingredient820, drained and chopped,,,,,,
https://kg.knowledgegraph.tech/food2#Ingredient821,1/2 cup simple syrup,,,,,,
https://kg.knowledgegraph.tech/food2#Ingredient822,24 ladyfingers,,,,,,
https://kg.knowledgegraph.tech/food2#Ingredient823,1/4 pound shredded suet,,,,,,
https://kg.knowledgegraph.tech/food2#Ingredient824,1 (10.75 ounce) can condensed oxtail soup,,,,,,
https://kg.knowledgegraph.tech/food2#Ingredient825,1 1/2 tablespoons Italian-style seasoning,,,,,,
https://kg.knowledgegraph.tech/food2#Ingredient826,3 tablespoons pesto,,,,,,
https://kg.knowledgegraph.tech/food2#Ingredient827,Dry Mix Ingredients,,,,,,
https://kg.knowledgegraph.tech/food2#Ingredient828,To Make Batter Combine 1 1/3 Cups Dry Mix With the Following:,,,,,,
https://kg.knowledgegraph.tech/food2#Ingredient829,soy,,,,,,
https://kg.knowledgegraph.tech/food2#Ingredient830,1/2 cup sweet and sour mix,,,,,,
https://kg.knowledgegraph.tech/food2#Ingredient831,1/2 cup cognac,,,,,,
https://kg.knowledgegraph.tech/food2#Ingredient832,2 fluid ounces white Zinfandel,,,,,,
https://kg.knowledgegraph.tech/food2#Ingredient833,1 (8 ounce) can bamboo shoots,,,,,,
https://kg.knowledgegraph.tech/food2#Ingredient834,1 fluid ounce Southern Comfort,,,,,,
https://kg.knowledgegraph.tech/food2#Ingredient835,1 fluid ounce Galliano,,,,,,
https://kg.knowledgegraph.tech/food2#Ingredient836,1/2 fluid ounce Southern Comfort,,,,,,
https://kg.knowledgegraph.tech/food2#Ingredient837,1 (1.5 fluid ounce) jigger Blue Curacao,,,,,,
https://kg.knowledgegraph.tech/food2#Ingredient838,1 cooking spray,,,,,,
https://kg.knowledgegraph.tech/food2#Ingredient839,1 1/2 tablespoons dry Ranch-style dressing mix,,,,,,
https://kg.knowledgegraph.tech/food2#Ingredient840,2 cups mixed baby greens,,,,,,
https://kg.knowledgegraph.tech/food2#Ingredient841,OTHER SOUP INGREDIENTS,,,,,,
https://kg.knowledgegraph.tech/food2#Ingredient842,2 1/2 cups seasoned croutons,,,,,,
https://kg.knowledgegraph.tech/food2#Ingredient843,2 pounds tater tots,,,,,,
https://kg.knowledgegraph.tech/food2#Ingredient844,1/4 cup Greek-style seasoning,,,,,,
https://kg.knowledgegraph.tech/food2#Ingredient845,1 cup bagel chips,,,,,,
https://kg.knowledgegraph.tech/food2#Ingredient100,potato,,,,,,
https://kg.knowledgegraph.tech/food2#Ingredient101,citrus,,,,,,
https://kg.knowledgegraph.tech/food2#Ingredient102,rum,,,,,,
https://kg.knowledgegraph.tech/food2#Ingredient103,oregano,,,,,,
https://kg.knowledgegraph.tech/food2#Ingredient104,cheese,,,,,,
https://kg.knowledgegraph.tech/food2#Ingredient105,cake,,,,,,
https://kg.knowledgegraph.tech/food2#Ingredient106,pistachio,,,,,,
https://kg.knowledgegraph.tech/food2#Ingredient107,food coloring,,,,,,
https://kg.knowledgegraph.tech/food2#Ingredient108,berry,,,,,,
https://kg.knowledgegraph.tech/food2#Ingredient96,dough,,,,,,
https://kg.knowledgegraph.tech/food2#Ingredient97,parmesan,,,,,,
https://kg.knowledgegraph.tech/food2#Ingredient98,sesame,,,,,,
https://kg.knowledgegraph.tech/food2#Ingredient99,macadamia nut,,,,,,
https://kg.knowledgegraph.tech/food2#Ingredient846,dip,,,,,,
https://kg.knowledgegraph.tech/food2#Ingredient847,BOTTOM LAYER,,,,,,
https://kg.knowledgegraph.tech/food2#Ingredient848,TOP LAYER,,,,,,
https://kg.knowledgegraph.tech/food2#Ingredient849,PUFF,,,,,,
https://kg.knowledgegraph.tech/food2#Ingredient850,GANACHE,,,,,,
https://kg.knowledgegraph.tech/food2#Ingredient851,1/2 cup croutons,,,,,,
https://kg.knowledgegraph.tech/food2#Ingredient852,1 (8 ounce) loaf round pumpernickel loaf,,,,,,
https://kg.knowledgegraph.tech/food2#Ingredient853,4 sheets nori seaweed sheets,,,,,,
https://kg.knowledgegraph.tech/food2#Ingredient854,1 (1 ounce) package dry fiesta-style ranch dressing mix,,,,,,
https://kg.knowledgegraph.tech/food2#Ingredient855,2 (8 ounce) loaves round pumpernickel loaves,,,,,,
https://kg.knowledgegraph.tech/food2#Ingredient856,2 (1 ounce) packages dry Ranch-style dressing mix,,,,,,
https://kg.knowledgegraph.tech/food2#Ingredient857,1 cup chopped suet,,,,,,
https://kg.knowledgegraph.tech/food2#Ingredient858,2 1/2 pounds Brussels sprouts,,,,,,
https://kg.knowledgegraph.tech/food2#Ingredient859,1 bunch sorrel,,,,,,
https://kg.knowledgegraph.tech/food2#Ingredient860, stemmed and rinsed,,,,,,
https://kg.knowledgegraph.tech/food2#Ingredient861,seafood,,,,,,
https://kg.knowledgegraph.tech/food2#Ingredient862,Days 1,,,,,,
https://kg.knowledgegraph.tech/food2#Ingredient863,2,,,,,,
https://kg.knowledgegraph.tech/food2#Ingredient864, and 3:,,,,,,
https://kg.knowledgegraph.tech/food2#Ingredient865,Days 4 and 5:,,,,,,
https://kg.knowledgegraph.tech/food2#Ingredient866,,,,,,,
https://kg.knowledgegraph.tech/food2#Ingredient867,2 drops any color liquid food color,,,,,,
https://kg.knowledgegraph.tech/food2#Ingredient868,1 tablespoon grenadine syrup,,,,,,
https://kg.knowledgegraph.tech/food2#Ingredient869,1 (32 ounce) package tater tots,,,,,,
https://kg.knowledgegraph.tech/food2#Ingredient870,8 ounces pesto,,,,,,
https://kg.knowledgegraph.tech/food2#Ingredient871,2 clementines,,,,,,
https://kg.knowledgegraph.tech/food2#Ingredient872, peeled and segmented,,,,,,
https://kg.knowledgegraph.tech/food2#Ingredient873,4 cups safflower oil,,,,,,
https://kg.knowledgegraph.tech/food2#Ingredient874,1 pinch Italian-style seasoning,,,,,,
https://kg.knowledgegraph.tech/food2#Ingredient875,1 tablespoon Creole-style seasoning,,,,,,
https://kg.knowledgegraph.tech/food2#Ingredient876,1 1/2 cups brewed espresso,,,,,,
https://kg.knowledgegraph.tech/food2#Ingredient877,6 tablespoons pesto,,,,,,
https://kg.knowledgegraph.tech/food2#Ingredient878,1 (29 ounce) can yams,,,,,,
https://kg.knowledgegraph.tech/food2#Ingredient879, drained and mashed,,,,,,
https://kg.knowledgegraph.tech/food2#Ingredient880,2 tablespoons sumac powder,,,,,,
https://kg.knowledgegraph.tech/food2#Ingredient881,1/4 cup tamari,,,,,,
https://kg.knowledgegraph.tech/food2#Ingredient882,fry sauce,,,,,,
https://kg.knowledgegraph.tech/food2#Ingredient883,4 large croissants,,,,,,
https://kg.knowledgegraph.tech/food2#Ingredient884,4 romaine hearts,,,,,,
https://kg.knowledgegraph.tech/food2#Ingredient885,1 (5.5 ounce) package dry risotto mix,,,,,,
https://kg.knowledgegraph.tech/food2#Ingredient886,1 (1 pound) loaf round pumpernickel,,,,,,
https://kg.knowledgegraph.tech/food2#Ingredient887,duck sauce,,,,,,
https://kg.knowledgegraph.tech/food2#Ingredient888,1 gallon snow,,,,,,
https://kg.knowledgegraph.tech/food2#Ingredient889,1 1/2 cups snow,,,,,,
https://kg.knowledgegraph.tech/food2#Ingredient890,fajita seasoning to taste,,,,,,
https://kg.knowledgegraph.tech/food2#Ingredient891,Creole-style seasoning to taste,,,,,,
https://kg.knowledgegraph.tech/food2#Ingredient892,1 tablespoon cooking oil,,,,,,
https://kg.knowledgegraph.tech/food2#Ingredient893,18 frozen dinner rolls,,,,,,
https://kg.knowledgegraph.tech/food2#Ingredient894,3/4 cup uncooked grits,,,,,,
https://kg.knowledgegraph.tech/food2#Ingredient895,1 (8 ounce) bottle Italian dressing,,,,,,
https://kg.knowledgegraph.tech/food2#Ingredient896,8 large seasoned croutons,,,,,,
https://kg.knowledgegraph.tech/food2#Ingredient897,green pepper,,,,,,
https://kg.knowledgegraph.tech/food2#Ingredient898,1 (16 ounce) package frozen Brussels sprouts,,,,,,
https://kg.knowledgegraph.tech/food2#Ingredient899,2 tablespoons French dressing,,,,,,
https://kg.knowledgegraph.tech/food2#Ingredient900,1 (1.1 oz) package dry mesquite flavored seasoning mix,,,,,,
https://kg.knowledgegraph.tech/food2#Ingredient901,Old Bay Seasoning TM to taste,,,,,,
https://kg.knowledgegraph.tech/food2#Ingredient902,2 (8 ounce) packages dinner rolls,,,,,,
https://kg.knowledgegraph.tech/food2#Ingredient903,1 (8 ounce) package dinner rolls,,,,,,
https://kg.knowledgegraph.tech/food2#Ingredient904,24 (2 inch square) dinner rolls,,,,,,
https://kg.knowledgegraph.tech/food2#Ingredient905, split,,,,,,
https://kg.knowledgegraph.tech/food2#Ingredient906,2 (14 ounce) packages wonton wrappers,,,,,,
https://kg.knowledgegraph.tech/food2#Ingredient907,1 tablespoon liquid sweetener,,,,,,
https://kg.knowledgegraph.tech/food2#Ingredient908,TOPPING:,,,,,,
https://kg.knowledgegraph.tech/food2#Ingredient909,2 pounds sirloin tips,,,,,,
https://kg.knowledgegraph.tech/food2#Ingredient910,2 tablespoons guacamole,,,,,,
https://kg.knowledgegraph.tech/food2#Ingredient911,1/2 tablespoon dashi granules,,,,,,
https://kg.knowledgegraph.tech/food2#Ingredient912,'CRUST:,,,,,,
https://kg.knowledgegraph.tech/food2#Ingredient913,CENTER:,,,,,,
https://kg.knowledgegraph.tech/food2#Ingredient914,1 1/2 cups cane syrup,,,,,,
https://kg.knowledgegraph.tech/food2#Ingredient915,1/3 cup carob powder,,,,,,
https://kg.knowledgegraph.tech/food2#Ingredient916,1/4 cup carob powder,,,,,,
https://kg.knowledgegraph.tech/food2#Ingredient917,GANACHE:,,,,,,
https://kg.knowledgegraph.tech/food2#Ingredient918,1 (12 ounce) jar hot fudge topping',,,,,,
https://kg.knowledgegraph.tech/food2#Ingredient919,1 (4.5 ounce) tube prepared yellow frosting',,,,,,
https://kg.knowledgegraph.tech/food2#Ingredient920,mixed with:,,,,,,
https://kg.knowledgegraph.tech/food2#Ingredient921,crackers,,,,,,
https://kg.knowledgegraph.tech/food2#Ingredient922,1 cup masa harina,,,,,,
https://kg.knowledgegraph.tech/food2#Ingredient923,24 round wonton wrappers,,,,,,
https://kg.knowledgegraph.tech/food2#Ingredient924,1 tablespoon or less Grenadine (to taste),,,,,,
https://kg.knowledgegraph.tech/food2#Ingredient925,3 romaine hearts,,,,,,
https://kg.knowledgegraph.tech/food2#Ingredient926, rinsed and torn,,,,,,
https://kg.knowledgegraph.tech/food2#Ingredient927,1 pound hardwood chips,,,,,,
https://kg.knowledgegraph.tech/food2#Ingredient928,1/2 (32 ounce) package tater tots,,,,,,
https://kg.knowledgegraph.tech/food2#Ingredient929,2 (12 ounce) packages wonton wrappers,,,,,,
https://kg.knowledgegraph.tech/food2#Ingredient930,party,,,,,,
https://kg.knowledgegraph.tech/food2#Ingredient931,1 pound bologna,,,,,,
https://kg.knowledgegraph.tech/food2#Ingredient932, ground,,,,,,
https://kg.knowledgegraph.tech/food2#Ingredient933,24 miniature croissants,,,,,,
https://kg.knowledgegraph.tech/food2#Ingredient934,4 cups seasoned croutons,,,,,,
https://kg.knowledgegraph.tech/food2#Ingredient935,6 cups cubed yam,,,,,,
https://kg.knowledgegraph.tech/food2#Ingredient936,1 package (10) ORTEGA® Tostada Shells,,,,,,
https://kg.knowledgegraph.tech/food2#Ingredient937, warmed,,,,,,
https://kg.knowledgegraph.tech/food2#Ingredient938,'LADYFINGERS,,,,,,
https://kg.knowledgegraph.tech/food2#Ingredient939,1 (10 ounce) package wonton wrappers,,,,,,
https://kg.knowledgegraph.tech/food2#Ingredient940,24x8x1 inch untreated cedar plank,,,,,,
https://kg.knowledgegraph.tech/food2#Ingredient941,1/3 cup oil,,,,,,
https://kg.knowledgegraph.tech/food2#Ingredient942,9 tablespoons SPLENDA® Granular,,,,,,